"image_path","class_name","class_id","xml_label","source_folder","folder_matches_xml","split"
"C:\Users\Misha\Documents\GitHub\MyProject1\DB\images\images\punching_hole\img_02_425503100_00017.jpg","punching_hole","1","1_chongkong","punching_hole","True","train"
"C:\Users\Misha\Documents\GitHub\MyProject1\DB\images\images\punching_hole\img_02_425506300_00018.jpg","punching_hole","1","1_chongkong","punching_hole","True","train"
"C:\Users\Misha\Documents\GitHub\MyProject1\DB\images\images\punching_hole\img_02_425506400_00018.jpg","punching_hole","1","1_chongkong","punching_hole","True","train"
"C:\Users\Misha\Documents\GitHub\MyProject1\DB\images\images\punching_hole\img_02_425508300_00017.jpg","punching_hole","1","1_chongkong","punching_hole","True","train"
"C:\Users\Misha\Documents\GitHub\MyProject1\DB\images\images\punching_hole\img_02_425640100_00874.jpg","punching_hole","1","1_chongkong","punching_hole","True","train"
"C:\Users\Misha\Documents\GitHub\MyProject1\DB\images\images\punching_hole\img_03_3403392100_00870.jpg","punching_hole","1","1_chongkong","punching_hole","True","train"
"C:\Users\Misha\Documents\GitHub\MyProject1\DB\images\images\punching_hole\img_03_3403394800_00844.jpg","punching_hole","1","1_chongkong","punching_hole","True","train"
"C:\Users\Misha\Documents\GitHub\MyProject1\DB\images\images\punching_hole\img_03_3403397300_00901.jpg","punching_hole","1","1_chongkong","punching_hole","True","train"
"C:\Users\Misha\Documents\GitHub\MyProject1\DB\images\images\punching_hole\img_03_3403399200_00770.jpg","punching_hole","1","1_chongkong","punching_hole","True","train"
"C:\Users\Misha\Documents\GitHub\MyProject1\DB\images\images\punching_hole\img_03_3403400200_00567.jpg","punching_hole","1","1_chongkong","punching_hole","True","train"
"C:\Users\Misha\Documents\GitHub\MyProject1\DB\images\images\punching_hole\img_03_3403400600_00936.jpg","punching_hole","1","1_chongkong","punching_hole","True","train"
"C:\Users\Misha\Documents\GitHub\MyProject1\DB\images\images\punching_hole\img_03_3403402100_00857.jpg","punching_hole","1","1_chongkong","punching_hole","True","train"
"C:\Users\Misha\Documents\GitHub\MyProject1\DB\images\images\punching_hole\img_03_3403404300_01219.jpg","punching_hole","1","1_chongkong","punching_hole","True","train"
"C:\Users\Misha\Documents\GitHub\MyProject1\DB\images\images\punching_hole\img_03_3403404800_00998.jpg","punching_hole","1","1_chongkong","punching_hole","True","train"
"C:\Users\Misha\Documents\GitHub\MyProject1\DB\images\images\punching_hole\img_03_424992300_00001.jpg","punching_hole","1","1_chongkong","punching_hole","True","train"
"C:\Users\Misha\Documents\GitHub\MyProject1\DB\images\images\punching_hole\img_03_425501900_00017.jpg","punching_hole","1","1_chongkong","punching_hole","True","train"
"C:\Users\Misha\Documents\GitHub\MyProject1\DB\images\images\punching_hole\img_03_425503000_00017.jpg","punching_hole","1","1_chongkong","punching_hole","True","train"
"C:\Users\Misha\Documents\GitHub\MyProject1\DB\images\images\punching_hole\img_03_425503600_00016.jpg","punching_hole","1","1_chongkong","punching_hole","True","train"
"C:\Users\Misha\Documents\GitHub\MyProject1\DB\images\images\punching_hole\img_03_425505100_00017.jpg","punching_hole","1","1_chongkong","punching_hole","True","train"
"C:\Users\Misha\Documents\GitHub\MyProject1\DB\images\images\punching_hole\img_03_425505900_00018.jpg","punching_hole","1","1_chongkong","punching_hole","True","train"
"C:\Users\Misha\Documents\GitHub\MyProject1\DB\images\images\punching_hole\img_03_425508100_00017.jpg","punching_hole","1","1_chongkong","punching_hole","True","train"
"C:\Users\Misha\Documents\GitHub\MyProject1\DB\images\images\punching_hole\img_03_425613500_00001.jpg","punching_hole","1","1_chongkong","punching_hole","True","train"
"C:\Users\Misha\Documents\GitHub\MyProject1\DB\images\images\punching_hole\img_03_425613800_00786.jpg","punching_hole","1","1_chongkong","punching_hole","True","train"
"C:\Users\Misha\Documents\GitHub\MyProject1\DB\images\images\punching_hole\img_03_425616500_00769.jpg","punching_hole","1","1_chongkong","punching_hole","True","train"
"C:\Users\Misha\Documents\GitHub\MyProject1\DB\images\images\punching_hole\img_03_425638500_00716.jpg","punching_hole","1","1_chongkong","punching_hole","True","train"
"C:\Users\Misha\Documents\GitHub\MyProject1\DB\images\images\punching_hole\img_03_425639800_00874.jpg","punching_hole","1","1_chongkong","punching_hole","True","train"
"C:\Users\Misha\Documents\GitHub\MyProject1\DB\images\images\punching_hole\img_03_436153600_01213.jpg","punching_hole","1","1_chongkong","punching_hole","True","train"
"C:\Users\Misha\Documents\GitHub\MyProject1\DB\images\images\punching_hole\img_03_4406742300_00001.jpg","punching_hole","1","1_chongkong","punching_hole","True","train"
"C:\Users\Misha\Documents\GitHub\MyProject1\DB\images\images\punching_hole\img_03_4406772100_00001.jpg","punching_hole","1","1_chongkong","punching_hole","True","train"
"C:\Users\Misha\Documents\GitHub\MyProject1\DB\images\images\punching_hole\img_06_3403328800_01055.jpg","punching_hole","1","1_chongkong","punching_hole","True","train"
"C:\Users\Misha\Documents\GitHub\MyProject1\DB\images\images\punching_hole\img_06_3403331800_01590.jpg","punching_hole","1","1_chongkong","punching_hole","True","train"
"C:\Users\Misha\Documents\GitHub\MyProject1\DB\images\images\punching_hole\img_06_3403391400_01266.jpg","punching_hole","1","1_chongkong","punching_hole","True","train"
"C:\Users\Misha\Documents\GitHub\MyProject1\DB\images\images\punching_hole\img_06_3403392000_01069.jpg","punching_hole","1","1_chongkong","punching_hole","True","train"
"C:\Users\Misha\Documents\GitHub\MyProject1\DB\images\images\punching_hole\img_06_3403397400_00907.jpg","punching_hole","1","1_chongkong","punching_hole","True","train"
"C:\Users\Misha\Documents\GitHub\MyProject1\DB\images\images\punching_hole\img_06_3403397600_01060.jpg","punching_hole","1","1_chongkong","punching_hole","True","train"
"C:\Users\Misha\Documents\GitHub\MyProject1\DB\images\images\punching_hole\img_06_3403398500_01173.jpg","punching_hole","1","1_chongkong","punching_hole","True","train"
"C:\Users\Misha\Documents\GitHub\MyProject1\DB\images\images\punching_hole\img_06_3403399400_01044.jpg","punching_hole","1","1_chongkong","punching_hole","True","train"
"C:\Users\Misha\Documents\GitHub\MyProject1\DB\images\images\punching_hole\img_06_3403399500_00887.jpg","punching_hole","1","1_chongkong","punching_hole","True","train"
"C:\Users\Misha\Documents\GitHub\MyProject1\DB\images\images\punching_hole\img_06_3403401000_00864.jpg","punching_hole","1","1_chongkong","punching_hole","True","train"
"C:\Users\Misha\Documents\GitHub\MyProject1\DB\images\images\punching_hole\img_06_3403403400_00768.jpg","punching_hole","1","1_chongkong","punching_hole","True","train"
"C:\Users\Misha\Documents\GitHub\MyProject1\DB\images\images\punching_hole\img_06_3403405900_00856.jpg","punching_hole","1","1_chongkong","punching_hole","True","train"
"C:\Users\Misha\Documents\GitHub\MyProject1\DB\images\images\punching_hole\img_06_424799500_00921.jpg","punching_hole","1","1_chongkong","punching_hole","True","train"
"C:\Users\Misha\Documents\GitHub\MyProject1\DB\images\images\punching_hole\img_06_425502600_00052.jpg","punching_hole","1","1_chongkong","punching_hole","True","train"
"C:\Users\Misha\Documents\GitHub\MyProject1\DB\images\images\punching_hole\img_06_425503400_00052.jpg","punching_hole","1","1_chongkong","punching_hole","True","train"
"C:\Users\Misha\Documents\GitHub\MyProject1\DB\images\images\punching_hole\img_06_425506100_00051.jpg","punching_hole","1","1_chongkong","punching_hole","True","train"
"C:\Users\Misha\Documents\GitHub\MyProject1\DB\images\images\punching_hole\img_06_425508200_00053.jpg","punching_hole","1","1_chongkong","punching_hole","True","train"
"C:\Users\Misha\Documents\GitHub\MyProject1\DB\images\images\punching_hole\img_06_425614700_00694.jpg","punching_hole","1","1_chongkong","punching_hole","True","train"
"C:\Users\Misha\Documents\GitHub\MyProject1\DB\images\images\punching_hole\img_06_425616500_00769.jpg","punching_hole","1","1_chongkong","punching_hole","True","train"
"C:\Users\Misha\Documents\GitHub\MyProject1\DB\images\images\punching_hole\img_06_425639900_00614.jpg","punching_hole","1","1_chongkong","punching_hole","True","train"
"C:\Users\Misha\Documents\GitHub\MyProject1\DB\images\images\welding_line\img_03_4404892800_01027.jpg","punching_hole","1","1_chongkong","welding_line","False","train"
"C:\Users\Misha\Documents\GitHub\MyProject1\DB\images\images\welding_line\img_06_4403068300_01280.jpg","punching_hole","1","1_chongkong","welding_line","False","train"
"C:\Users\Misha\Documents\GitHub\MyProject1\DB\images\images\welding_line\img_01_425506400_00018.jpg","welding_line","2","2_hanfeng","welding_line","True","train"
"C:\Users\Misha\Documents\GitHub\MyProject1\DB\images\images\welding_line\img_01_425506800_00019.jpg","welding_line","2","2_hanfeng","welding_line","True","train"
"C:\Users\Misha\Documents\GitHub\MyProject1\DB\images\images\welding_line\img_01_425507000_00018.jpg","welding_line","2","2_hanfeng","welding_line","True","train"
"C:\Users\Misha\Documents\GitHub\MyProject1\DB\images\images\welding_line\img_01_425613800_00786.jpg","welding_line","2","2_hanfeng","welding_line","True","train"
"C:\Users\Misha\Documents\GitHub\MyProject1\DB\images\images\welding_line\img_01_425614600_00001.jpg","welding_line","2","2_hanfeng","welding_line","True","train"
"C:\Users\Misha\Documents\GitHub\MyProject1\DB\images\images\welding_line\img_01_425638500_00001.jpg","welding_line","2","2_hanfeng","welding_line","True","train"
"C:\Users\Misha\Documents\GitHub\MyProject1\DB\images\images\welding_line\img_01_4402724300_00001.jpg","welding_line","2","2_hanfeng","welding_line","True","train"
"C:\Users\Misha\Documents\GitHub\MyProject1\DB\images\images\welding_line\img_01_4405230600_00994.jpg","welding_line","2","2_hanfeng","welding_line","True","train"
"C:\Users\Misha\Documents\GitHub\MyProject1\DB\images\images\welding_line\img_02_425614400_00001.jpg","welding_line","2","2_hanfeng","welding_line","True","train"
"C:\Users\Misha\Documents\GitHub\MyProject1\DB\images\images\welding_line\img_02_425614600_00001.jpg","welding_line","2","2_hanfeng","welding_line","True","train"
"C:\Users\Misha\Documents\GitHub\MyProject1\DB\images\images\welding_line\img_02_425637500_00001.jpg","welding_line","2","2_hanfeng","welding_line","True","train"
"C:\Users\Misha\Documents\GitHub\MyProject1\DB\images\images\welding_line\img_02_432220200_00001.jpg","welding_line","2","2_hanfeng","welding_line","True","train"
"C:\Users\Misha\Documents\GitHub\MyProject1\DB\images\images\welding_line\img_02_436149500_00939.jpg","welding_line","2","2_hanfeng","welding_line","True","train"
"C:\Users\Misha\Documents\GitHub\MyProject1\DB\images\images\welding_line\img_02_436150100_00001.jpg","welding_line","2","2_hanfeng","welding_line","True","train"
"C:\Users\Misha\Documents\GitHub\MyProject1\DB\images\images\welding_line\img_02_436164000_00029.jpg","welding_line","2","2_hanfeng","welding_line","True","train"
"C:\Users\Misha\Documents\GitHub\MyProject1\DB\images\images\welding_line\img_02_436164300_01201.jpg","welding_line","2","2_hanfeng","welding_line","True","train"
"C:\Users\Misha\Documents\GitHub\MyProject1\DB\images\images\welding_line\img_02_436185000_00016.jpg","welding_line","2","2_hanfeng","welding_line","True","train"
"C:\Users\Misha\Documents\GitHub\MyProject1\DB\images\images\welding_line\img_02_436185500_00005.jpg","welding_line","2","2_hanfeng","welding_line","True","train"
"C:\Users\Misha\Documents\GitHub\MyProject1\DB\images\images\welding_line\img_02_SIS001533_00008.jpg","welding_line","2","2_hanfeng","welding_line","True","train"
"C:\Users\Misha\Documents\GitHub\MyProject1\DB\images\images\welding_line\img_02_SIS001574_00003.jpg","welding_line","2","2_hanfeng","welding_line","True","train"
"C:\Users\Misha\Documents\GitHub\MyProject1\DB\images\images\welding_line\img_02_SIS002356_00001.jpg","welding_line","2","2_hanfeng","welding_line","True","train"
"C:\Users\Misha\Documents\GitHub\MyProject1\DB\images\images\welding_line\img_03_3402617200_00001.jpg","welding_line","2","2_hanfeng","welding_line","True","train"
"C:\Users\Misha\Documents\GitHub\MyProject1\DB\images\images\welding_line\img_03_425503300_00018.jpg","welding_line","2","2_hanfeng","welding_line","True","train"
"C:\Users\Misha\Documents\GitHub\MyProject1\DB\images\images\welding_line\img_03_436153300_00001.jpg","welding_line","2","2_hanfeng","welding_line","True","train"
"C:\Users\Misha\Documents\GitHub\MyProject1\DB\images\images\welding_line\img_03_436185500_00005.jpg","welding_line","2","2_hanfeng","welding_line","True","train"
"C:\Users\Misha\Documents\GitHub\MyProject1\DB\images\images\welding_line\img_04_3436787300_00002.jpg","welding_line","2","2_hanfeng","welding_line","True","train"
"C:\Users\Misha\Documents\GitHub\MyProject1\DB\images\images\welding_line\img_04_425391100_00017.jpg","welding_line","2","2_hanfeng","welding_line","True","train"
"C:\Users\Misha\Documents\GitHub\MyProject1\DB\images\images\welding_line\img_04_425502100_00018.jpg","welding_line","2","2_hanfeng","welding_line","True","train"
"C:\Users\Misha\Documents\GitHub\MyProject1\DB\images\images\welding_line\img_04_425504800_00018.jpg","welding_line","2","2_hanfeng","welding_line","True","train"
"C:\Users\Misha\Documents\GitHub\MyProject1\DB\images\images\welding_line\img_04_425506300_00019.jpg","welding_line","2","2_hanfeng","welding_line","True","train"
"C:\Users\Misha\Documents\GitHub\MyProject1\DB\images\images\welding_line\img_04_425508100_00018.jpg","welding_line","2","2_hanfeng","welding_line","True","train"
"C:\Users\Misha\Documents\GitHub\MyProject1\DB\images\images\welding_line\img_04_425614600_00001.jpg","welding_line","2","2_hanfeng","welding_line","True","train"
"C:\Users\Misha\Documents\GitHub\MyProject1\DB\images\images\welding_line\img_04_425637500_00653.jpg","welding_line","2","2_hanfeng","welding_line","True","train"
"C:\Users\Misha\Documents\GitHub\MyProject1\DB\images\images\welding_line\img_04_432220200_00001.jpg","welding_line","2","2_hanfeng","welding_line","True","train"
"C:\Users\Misha\Documents\GitHub\MyProject1\DB\images\images\welding_line\img_04_436068100_00003.jpg","welding_line","2","2_hanfeng","welding_line","True","train"
"C:\Users\Misha\Documents\GitHub\MyProject1\DB\images\images\welding_line\img_04_436164000_00006.jpg","welding_line","2","2_hanfeng","welding_line","True","train"
"C:\Users\Misha\Documents\GitHub\MyProject1\DB\images\images\welding_line\img_04_436165600_00004.jpg","welding_line","2","2_hanfeng","welding_line","True","train"
"C:\Users\Misha\Documents\GitHub\MyProject1\DB\images\images\welding_line\img_04_4402117300_00001.jpg","welding_line","2","2_hanfeng","welding_line","True","train"
"C:\Users\Misha\Documents\GitHub\MyProject1\DB\images\images\welding_line\img_04_4402540800_01484.jpg","welding_line","2","2_hanfeng","welding_line","True","train"
"C:\Users\Misha\Documents\GitHub\MyProject1\DB\images\images\welding_line\img_04_4402541000_00001.jpg","welding_line","2","2_hanfeng","welding_line","True","train"
"C:\Users\Misha\Documents\GitHub\MyProject1\DB\images\images\welding_line\img_04_4402785000_00001.jpg","welding_line","2","2_hanfeng","welding_line","True","train"
"C:\Users\Misha\Documents\GitHub\MyProject1\DB\images\images\welding_line\img_04_4402787600_00001.jpg","welding_line","2","2_hanfeng","welding_line","True","train"
"C:\Users\Misha\Documents\GitHub\MyProject1\DB\images\images\welding_line\img_04_4402818600_00001.jpg","welding_line","2","2_hanfeng","welding_line","True","train"
"C:\Users\Misha\Documents\GitHub\MyProject1\DB\images\images\welding_line\img_04_4402831800_01217.jpg","welding_line","2","2_hanfeng","welding_line","True","train"
"C:\Users\Misha\Documents\GitHub\MyProject1\DB\images\images\welding_line\img_04_4402851900_00001.jpg","welding_line","2","2_hanfeng","welding_line","True","train"
"C:\Users\Misha\Documents\GitHub\MyProject1\DB\images\images\welding_line\img_05_3436789300_00961.jpg","welding_line","2","2_hanfeng","welding_line","True","train"
"C:\Users\Misha\Documents\GitHub\MyProject1\DB\images\images\welding_line\img_05_425502100_00053.jpg","welding_line","2","2_hanfeng","welding_line","True","train"
"C:\Users\Misha\Documents\GitHub\MyProject1\DB\images\images\welding_line\img_05_425613800_00787.jpg","welding_line","2","2_hanfeng","welding_line","True","train"
"C:\Users\Misha\Documents\GitHub\MyProject1\DB\images\images\welding_line\img_05_4405356600_00896.jpg","welding_line","2","2_hanfeng","welding_line","True","train"
"C:\Users\Misha\Documents\GitHub\MyProject1\DB\images\images\welding_line\img_05_4405356800_00902.jpg","welding_line","2","2_hanfeng","welding_line","True","train"
"C:\Users\Misha\Documents\GitHub\MyProject1\DB\images\images\welding_line\img_06_3403403800_00911.jpg","welding_line","2","2_hanfeng","welding_line","True","train"
"C:\Users\Misha\Documents\GitHub\MyProject1\DB\images\images\welding_line\img_06_3403404000_00928.jpg","welding_line","2","2_hanfeng","welding_line","True","train"
"C:\Users\Misha\Documents\GitHub\MyProject1\DB\images\images\welding_line\img_06_3403405900_00857.jpg","welding_line","2","2_hanfeng","welding_line","True","train"
"C:\Users\Misha\Documents\GitHub\MyProject1\DB\images\images\welding_line\img_06_425614600_00459.jpg","welding_line","2","2_hanfeng","welding_line","True","train"
"C:\Users\Misha\Documents\GitHub\MyProject1\DB\images\images\welding_line\img_06_4404612700_01306.jpg","welding_line","2","2_hanfeng","welding_line","True","train"
"C:\Users\Misha\Documents\GitHub\MyProject1\DB\images\images\welding_line\img_06_4404892700_01142.jpg","welding_line","2","2_hanfeng","welding_line","True","train"
"C:\Users\Misha\Documents\GitHub\MyProject1\DB\images\images\welding_line\img_06_4405228000_01156.jpg","welding_line","2","2_hanfeng","welding_line","True","train"
"C:\Users\Misha\Documents\GitHub\MyProject1\DB\images\images\welding_line\img_07_3402617400_01102.jpg","welding_line","2","2_hanfeng","welding_line","True","train"
"C:\Users\Misha\Documents\GitHub\MyProject1\DB\images\images\welding_line\img_07_3403334300_00854.jpg","welding_line","2","2_hanfeng","welding_line","True","train"
"C:\Users\Misha\Documents\GitHub\MyProject1\DB\images\images\welding_line\img_07_3403334600_00682.jpg","welding_line","2","2_hanfeng","welding_line","True","train"
"C:\Users\Misha\Documents\GitHub\MyProject1\DB\images\images\welding_line\img_07_3403334800_00898.jpg","welding_line","2","2_hanfeng","welding_line","True","train"
"C:\Users\Misha\Documents\GitHub\MyProject1\DB\images\images\welding_line\img_07_3403334900_00596.jpg","welding_line","2","2_hanfeng","welding_line","True","train"
"C:\Users\Misha\Documents\GitHub\MyProject1\DB\images\images\welding_line\img_07_3403335000_01066.jpg","welding_line","2","2_hanfeng","welding_line","True","train"
"C:\Users\Misha\Documents\GitHub\MyProject1\DB\images\images\welding_line\img_07_3403335100_01063.jpg","welding_line","2","2_hanfeng","welding_line","True","train"
"C:\Users\Misha\Documents\GitHub\MyProject1\DB\images\images\welding_line\img_07_3403335200_00806.jpg","welding_line","2","2_hanfeng","welding_line","True","train"
"C:\Users\Misha\Documents\GitHub\MyProject1\DB\images\images\welding_line\img_07_3403335500_00710.jpg","welding_line","2","2_hanfeng","welding_line","True","train"
"C:\Users\Misha\Documents\GitHub\MyProject1\DB\images\images\welding_line\img_07_3403335800_00900.jpg","welding_line","2","2_hanfeng","welding_line","True","train"
"C:\Users\Misha\Documents\GitHub\MyProject1\DB\images\images\welding_line\img_07_3403337700_00899.jpg","welding_line","2","2_hanfeng","welding_line","True","train"
"C:\Users\Misha\Documents\GitHub\MyProject1\DB\images\images\welding_line\img_07_3403337800_00765.jpg","welding_line","2","2_hanfeng","welding_line","True","train"
"C:\Users\Misha\Documents\GitHub\MyProject1\DB\images\images\welding_line\img_07_3403338100_00785.jpg","welding_line","2","2_hanfeng","welding_line","True","train"
"C:\Users\Misha\Documents\GitHub\MyProject1\DB\images\images\welding_line\img_07_3403338900_00683.jpg","welding_line","2","2_hanfeng","welding_line","True","train"
"C:\Users\Misha\Documents\GitHub\MyProject1\DB\images\images\welding_line\img_07_3403405200_00719.jpg","welding_line","2","2_hanfeng","welding_line","True","train"
"C:\Users\Misha\Documents\GitHub\MyProject1\DB\images\images\welding_line\img_07_3403405500_00670.jpg","welding_line","2","2_hanfeng","welding_line","True","train"
"C:\Users\Misha\Documents\GitHub\MyProject1\DB\images\images\welding_line\img_07_3403406400_00797.jpg","welding_line","2","2_hanfeng","welding_line","True","train"
"C:\Users\Misha\Documents\GitHub\MyProject1\DB\images\images\welding_line\img_07_425390100_00053.jpg","welding_line","2","2_hanfeng","welding_line","True","train"
"C:\Users\Misha\Documents\GitHub\MyProject1\DB\images\images\welding_line\img_07_425637500_00653.jpg","welding_line","2","2_hanfeng","welding_line","True","train"
"C:\Users\Misha\Documents\GitHub\MyProject1\DB\images\images\welding_line\img_07_425644600_00785.jpg","welding_line","2","2_hanfeng","welding_line","True","train"
"C:\Users\Misha\Documents\GitHub\MyProject1\DB\images\images\welding_line\img_07_4404613900_01090.jpg","welding_line","2","2_hanfeng","welding_line","True","train"
"C:\Users\Misha\Documents\GitHub\MyProject1\DB\images\images\welding_line\img_07_4404710300_00877.jpg","welding_line","2","2_hanfeng","welding_line","True","train"
"C:\Users\Misha\Documents\GitHub\MyProject1\DB\images\images\welding_line\img_07_4404711100_00787.jpg","welding_line","2","2_hanfeng","welding_line","True","train"
"C:\Users\Misha\Documents\GitHub\MyProject1\DB\images\images\welding_line\img_07_4404893200_00890.jpg","welding_line","2","2_hanfeng","welding_line","True","train"
"C:\Users\Misha\Documents\GitHub\MyProject1\DB\images\images\welding_line\img_07_4404897500_00875.jpg","welding_line","2","2_hanfeng","welding_line","True","train"
"C:\Users\Misha\Documents\GitHub\MyProject1\DB\images\images\welding_line\img_07_4405227700_00146.jpg","welding_line","2","2_hanfeng","welding_line","True","train"
"C:\Users\Misha\Documents\GitHub\MyProject1\DB\images\images\welding_line\img_07_4405377700_00912.jpg","welding_line","2","2_hanfeng","welding_line","True","train"
"C:\Users\Misha\Documents\GitHub\MyProject1\DB\images\images\welding_line\img_08_3403334600_00681.jpg","welding_line","2","2_hanfeng","welding_line","True","train"
"C:\Users\Misha\Documents\GitHub\MyProject1\DB\images\images\welding_line\img_08_3403334700_00670.jpg","welding_line","2","2_hanfeng","welding_line","True","train"
"C:\Users\Misha\Documents\GitHub\MyProject1\DB\images\images\welding_line\img_08_3436783900_01352.jpg","welding_line","2","2_hanfeng","welding_line","True","train"
"C:\Users\Misha\Documents\GitHub\MyProject1\DB\images\images\welding_line\img_08_3436789300_00961.jpg","welding_line","2","2_hanfeng","welding_line","True","train"
"C:\Users\Misha\Documents\GitHub\MyProject1\DB\images\images\welding_line\img_08_425382400_00001.jpg","welding_line","2","2_hanfeng","welding_line","True","train"
"C:\Users\Misha\Documents\GitHub\MyProject1\DB\images\images\welding_line\img_08_425502100_00053.jpg","welding_line","2","2_hanfeng","welding_line","True","train"
"C:\Users\Misha\Documents\GitHub\MyProject1\DB\images\images\welding_line\img_08_425502200_00054.jpg","welding_line","2","2_hanfeng","welding_line","True","train"
"C:\Users\Misha\Documents\GitHub\MyProject1\DB\images\images\welding_line\img_08_425613700_00782.jpg","welding_line","2","2_hanfeng","welding_line","True","train"
"C:\Users\Misha\Documents\GitHub\MyProject1\DB\images\images\welding_line\img_08_4402304700_01005.jpg","welding_line","2","2_hanfeng","welding_line","True","train"
"C:\Users\Misha\Documents\GitHub\MyProject1\DB\images\images\welding_line\img_08_4402851700_00985.jpg","welding_line","2","2_hanfeng","welding_line","True","train"
"C:\Users\Misha\Documents\GitHub\MyProject1\DB\images\images\welding_line\img_08_4405134000_01043.jpg","welding_line","2","2_hanfeng","welding_line","True","train"
"C:\Users\Misha\Documents\GitHub\MyProject1\DB\images\images\welding_line\img_08_4405167700_00657.jpg","welding_line","2","2_hanfeng","welding_line","True","train"
"C:\Users\Misha\Documents\GitHub\MyProject1\DB\images\images\welding_line\img_08_4405229800_01204.jpg","welding_line","2","2_hanfeng","welding_line","True","train"
"C:\Users\Misha\Documents\GitHub\MyProject1\DB\images\images\welding_line\img_08_4405230600_00994.jpg","welding_line","2","2_hanfeng","welding_line","True","train"
"C:\Users\Misha\Documents\GitHub\MyProject1\DB\images\images\welding_line\img_08_4406424900_00001.jpg","welding_line","2","2_hanfeng","welding_line","True","train"
"C:\Users\Misha\Documents\GitHub\MyProject1\DB\images\images\crescent_gap\img_01_3402617700_00001.jpg","crescent_gap","3","3_yueyawan","crescent_gap","True","train"
"C:\Users\Misha\Documents\GitHub\MyProject1\DB\images\images\crescent_gap\img_01_3402617700_01009.jpg","crescent_gap","3","3_yueyawan","crescent_gap","True","train"
"C:\Users\Misha\Documents\GitHub\MyProject1\DB\images\images\crescent_gap\img_01_424799300_01133.jpg","crescent_gap","3","3_yueyawan","crescent_gap","True","train"
"C:\Users\Misha\Documents\GitHub\MyProject1\DB\images\images\crescent_gap\img_01_424799600_00001.jpg","crescent_gap","3","3_yueyawan","crescent_gap","True","train"
"C:\Users\Misha\Documents\GitHub\MyProject1\DB\images\images\crescent_gap\img_01_424825700_00001.jpg","crescent_gap","3","3_yueyawan","crescent_gap","True","train"
"C:\Users\Misha\Documents\GitHub\MyProject1\DB\images\images\crescent_gap\img_01_424826100_00001.jpg","crescent_gap","3","3_yueyawan","crescent_gap","True","train"
"C:\Users\Misha\Documents\GitHub\MyProject1\DB\images\images\crescent_gap\img_01_424826300_00950.jpg","crescent_gap","3","3_yueyawan","crescent_gap","True","train"
"C:\Users\Misha\Documents\GitHub\MyProject1\DB\images\images\crescent_gap\img_01_424826800_00002.jpg","crescent_gap","3","3_yueyawan","crescent_gap","True","train"
"C:\Users\Misha\Documents\GitHub\MyProject1\DB\images\images\crescent_gap\img_01_424826800_00003.jpg","crescent_gap","3","3_yueyawan","crescent_gap","True","train"
"C:\Users\Misha\Documents\GitHub\MyProject1\DB\images\images\crescent_gap\img_01_425006100_00947.jpg","crescent_gap","3","3_yueyawan","crescent_gap","True","train"
"C:\Users\Misha\Documents\GitHub\MyProject1\DB\images\images\crescent_gap\img_01_425006200_01173.jpg","crescent_gap","3","3_yueyawan","crescent_gap","True","train"
"C:\Users\Misha\Documents\GitHub\MyProject1\DB\images\images\crescent_gap\img_01_425006400_00001.jpg","crescent_gap","3","3_yueyawan","crescent_gap","True","train"
"C:\Users\Misha\Documents\GitHub\MyProject1\DB\images\images\crescent_gap\img_01_425006600_00001.jpg","crescent_gap","3","3_yueyawan","crescent_gap","True","train"
"C:\Users\Misha\Documents\GitHub\MyProject1\DB\images\images\crescent_gap\img_01_425392100_00018.jpg","crescent_gap","3","3_yueyawan","crescent_gap","True","train"
"C:\Users\Misha\Documents\GitHub\MyProject1\DB\images\images\crescent_gap\img_01_425501900_00017.jpg","crescent_gap","3","3_yueyawan","crescent_gap","True","train"
"C:\Users\Misha\Documents\GitHub\MyProject1\DB\images\images\crescent_gap\img_01_425503000_00017.jpg","crescent_gap","3","3_yueyawan","crescent_gap","True","train"
"C:\Users\Misha\Documents\GitHub\MyProject1\DB\images\images\crescent_gap\img_01_425503300_00017.jpg","crescent_gap","3","3_yueyawan","crescent_gap","True","train"
"C:\Users\Misha\Documents\GitHub\MyProject1\DB\images\images\crescent_gap\img_01_425503400_00018.jpg","crescent_gap","3","3_yueyawan","crescent_gap","True","train"
"C:\Users\Misha\Documents\GitHub\MyProject1\DB\images\images\crescent_gap\img_01_425503500_00018.jpg","crescent_gap","3","3_yueyawan","crescent_gap","True","train"
"C:\Users\Misha\Documents\GitHub\MyProject1\DB\images\images\crescent_gap\img_01_425503600_00016.jpg","crescent_gap","3","3_yueyawan","crescent_gap","True","train"
"C:\Users\Misha\Documents\GitHub\MyProject1\DB\images\images\crescent_gap\img_01_425505100_00017.jpg","crescent_gap","3","3_yueyawan","crescent_gap","True","train"
"C:\Users\Misha\Documents\GitHub\MyProject1\DB\images\images\crescent_gap\img_01_425622400_00001.jpg","crescent_gap","3","3_yueyawan","crescent_gap","True","train"
"C:\Users\Misha\Documents\GitHub\MyProject1\DB\images\images\crescent_gap\img_04_424799200_00001.jpg","crescent_gap","3","3_yueyawan","crescent_gap","True","train"
"C:\Users\Misha\Documents\GitHub\MyProject1\DB\images\images\crescent_gap\img_04_424825700_00001.jpg","crescent_gap","3","3_yueyawan","crescent_gap","True","train"
"C:\Users\Misha\Documents\GitHub\MyProject1\DB\images\images\crescent_gap\img_04_424826100_00001.jpg","crescent_gap","3","3_yueyawan","crescent_gap","True","train"
"C:\Users\Misha\Documents\GitHub\MyProject1\DB\images\images\crescent_gap\img_04_424826800_00003.jpg","crescent_gap","3","3_yueyawan","crescent_gap","True","train"
"C:\Users\Misha\Documents\GitHub\MyProject1\DB\images\images\crescent_gap\img_04_425003700_00002.jpg","crescent_gap","3","3_yueyawan","crescent_gap","True","train"
"C:\Users\Misha\Documents\GitHub\MyProject1\DB\images\images\crescent_gap\img_04_425237800_01032.jpg","crescent_gap","3","3_yueyawan","crescent_gap","True","train"
"C:\Users\Misha\Documents\GitHub\MyProject1\DB\images\images\crescent_gap\img_04_425501700_00017.jpg","crescent_gap","3","3_yueyawan","crescent_gap","True","train"
"C:\Users\Misha\Documents\GitHub\MyProject1\DB\images\images\crescent_gap\img_04_425501700_00018.jpg","crescent_gap","3","3_yueyawan","crescent_gap","True","train"
"C:\Users\Misha\Documents\GitHub\MyProject1\DB\images\images\crescent_gap\img_04_425501800_00017.jpg","crescent_gap","3","3_yueyawan","crescent_gap","True","train"
"C:\Users\Misha\Documents\GitHub\MyProject1\DB\images\images\crescent_gap\img_04_425501800_00018.jpg","crescent_gap","3","3_yueyawan","crescent_gap","True","train"
"C:\Users\Misha\Documents\GitHub\MyProject1\DB\images\images\crescent_gap\img_04_425613500_00001.jpg","crescent_gap","3","3_yueyawan","crescent_gap","True","train"
"C:\Users\Misha\Documents\GitHub\MyProject1\DB\images\images\crescent_gap\img_04_425616200_00001.jpg","crescent_gap","3","3_yueyawan","crescent_gap","True","train"
"C:\Users\Misha\Documents\GitHub\MyProject1\DB\images\images\crescent_gap\img_04_425622400_00002.jpg","crescent_gap","3","3_yueyawan","crescent_gap","True","train"
"C:\Users\Misha\Documents\GitHub\MyProject1\DB\images\images\crescent_gap\img_04_425637800_00890.jpg","crescent_gap","3","3_yueyawan","crescent_gap","True","train"
"C:\Users\Misha\Documents\GitHub\MyProject1\DB\images\images\crescent_gap\img_04_425637900_00001.jpg","crescent_gap","3","3_yueyawan","crescent_gap","True","train"
"C:\Users\Misha\Documents\GitHub\MyProject1\DB\images\images\crescent_gap\img_04_425640100_00001.jpg","crescent_gap","3","3_yueyawan","crescent_gap","True","train"
"C:\Users\Misha\Documents\GitHub\MyProject1\DB\images\images\crescent_gap\img_04_436068700_00001.jpg","crescent_gap","3","3_yueyawan","crescent_gap","True","train"
"C:\Users\Misha\Documents\GitHub\MyProject1\DB\images\images\crescent_gap\img_04_4406645900_00002.jpg","crescent_gap","3","3_yueyawan","crescent_gap","True","train"
"C:\Users\Misha\Documents\GitHub\MyProject1\DB\images\images\crescent_gap\img_05_424798500_01234.jpg","crescent_gap","3","3_yueyawan","crescent_gap","True","train"
"C:\Users\Misha\Documents\GitHub\MyProject1\DB\images\images\crescent_gap\img_05_424798500_01235.jpg","crescent_gap","3","3_yueyawan","crescent_gap","True","train"
"C:\Users\Misha\Documents\GitHub\MyProject1\DB\images\images\crescent_gap\img_05_424799400_01079.jpg","crescent_gap","3","3_yueyawan","crescent_gap","True","train"
"C:\Users\Misha\Documents\GitHub\MyProject1\DB\images\images\crescent_gap\img_05_425502600_00052.jpg","crescent_gap","3","3_yueyawan","crescent_gap","True","train"
"C:\Users\Misha\Documents\GitHub\MyProject1\DB\images\images\crescent_gap\img_05_425502900_00053.jpg","crescent_gap","3","3_yueyawan","crescent_gap","True","train"
"C:\Users\Misha\Documents\GitHub\MyProject1\DB\images\images\crescent_gap\img_05_425503400_00052.jpg","crescent_gap","3","3_yueyawan","crescent_gap","True","train"
"C:\Users\Misha\Documents\GitHub\MyProject1\DB\images\images\crescent_gap\img_05_425503800_00052.jpg","crescent_gap","3","3_yueyawan","crescent_gap","True","train"
"C:\Users\Misha\Documents\GitHub\MyProject1\DB\images\images\crescent_gap\img_05_425504800_00052.jpg","crescent_gap","3","3_yueyawan","crescent_gap","True","train"
"C:\Users\Misha\Documents\GitHub\MyProject1\DB\images\images\crescent_gap\img_05_425505000_00051.jpg","crescent_gap","3","3_yueyawan","crescent_gap","True","train"
"C:\Users\Misha\Documents\GitHub\MyProject1\DB\images\images\crescent_gap\img_05_425505500_00052.jpg","crescent_gap","3","3_yueyawan","crescent_gap","True","train"
"C:\Users\Misha\Documents\GitHub\MyProject1\DB\images\images\crescent_gap\img_05_425614600_00470.jpg","crescent_gap","3","3_yueyawan","crescent_gap","True","train"
"C:\Users\Misha\Documents\GitHub\MyProject1\DB\images\images\crescent_gap\img_05_425622400_00001.jpg","crescent_gap","3","3_yueyawan","crescent_gap","True","train"
"C:\Users\Misha\Documents\GitHub\MyProject1\DB\images\images\crescent_gap\img_05_425637800_00890.jpg","crescent_gap","3","3_yueyawan","crescent_gap","True","train"
"C:\Users\Misha\Documents\GitHub\MyProject1\DB\images\images\crescent_gap\img_05_436068100_00002.jpg","crescent_gap","3","3_yueyawan","crescent_gap","True","train"
"C:\Users\Misha\Documents\GitHub\MyProject1\DB\images\images\crescent_gap\img_05_4402842500_01044.jpg","crescent_gap","3","3_yueyawan","crescent_gap","True","train"
"C:\Users\Misha\Documents\GitHub\MyProject1\DB\images\images\crescent_gap\img_07_425390700_00050.jpg","crescent_gap","3","3_yueyawan","crescent_gap","True","train"
"C:\Users\Misha\Documents\GitHub\MyProject1\DB\images\images\crescent_gap\img_08_424799400_01079.jpg","crescent_gap","3","3_yueyawan","crescent_gap","True","train"
"C:\Users\Misha\Documents\GitHub\MyProject1\DB\images\images\crescent_gap\img_08_425008500_00872.jpg","crescent_gap","3","3_yueyawan","crescent_gap","True","train"
"C:\Users\Misha\Documents\GitHub\MyProject1\DB\images\images\crescent_gap\img_08_425008500_00873.jpg","crescent_gap","3","3_yueyawan","crescent_gap","True","train"
"C:\Users\Misha\Documents\GitHub\MyProject1\DB\images\images\crescent_gap\img_08_425502900_00053.jpg","crescent_gap","3","3_yueyawan","crescent_gap","True","train"
"C:\Users\Misha\Documents\GitHub\MyProject1\DB\images\images\crescent_gap\img_08_425503400_00052.jpg","crescent_gap","3","3_yueyawan","crescent_gap","True","train"
"C:\Users\Misha\Documents\GitHub\MyProject1\DB\images\images\crescent_gap\img_08_425504800_00052.jpg","crescent_gap","3","3_yueyawan","crescent_gap","True","train"
"C:\Users\Misha\Documents\GitHub\MyProject1\DB\images\images\crescent_gap\img_08_425505100_00052.jpg","crescent_gap","3","3_yueyawan","crescent_gap","True","train"
"C:\Users\Misha\Documents\GitHub\MyProject1\DB\images\images\crescent_gap\img_08_425608200_00007.jpg","crescent_gap","3","3_yueyawan","crescent_gap","True","train"
"C:\Users\Misha\Documents\GitHub\MyProject1\DB\images\images\crescent_gap\img_08_425614700_00001.jpg","crescent_gap","3","3_yueyawan","crescent_gap","True","train"
"C:\Users\Misha\Documents\GitHub\MyProject1\DB\images\images\crescent_gap\img_08_425638500_00713.jpg","crescent_gap","3","3_yueyawan","crescent_gap","True","train"
"C:\Users\Misha\Documents\GitHub\MyProject1\DB\images\images\crescent_gap\img_08_436068100_00869.jpg","crescent_gap","3","3_yueyawan","crescent_gap","True","train"
"C:\Users\Misha\Documents\GitHub\MyProject1\DB\images\images\crescent_gap\img_08_4402842500_01043.jpg","crescent_gap","3","3_yueyawan","crescent_gap","True","train"
"C:\Users\Misha\Documents\GitHub\MyProject1\DB\images\images\crescent_gap\img_08_4402842500_01044.jpg","crescent_gap","3","3_yueyawan","crescent_gap","True","train"
"C:\Users\Misha\Documents\GitHub\MyProject1\DB\images\images\crescent_gap\img_08_4406772100_00002.jpg","crescent_gap","3","3_yueyawan","crescent_gap","True","train"
"C:\Users\Misha\Documents\GitHub\MyProject1\DB\images\images\inclusion\img_02_4406562900_00698.jpg","water_spot","4","4_shuiban","inclusion","False","train"
"C:\Users\Misha\Documents\GitHub\MyProject1\DB\images\images\inclusion\img_03_3402617400_00869.jpg","water_spot","4","4_shuiban","inclusion","False","train"
"C:\Users\Misha\Documents\GitHub\MyProject1\DB\images\images\inclusion\img_03_4401440300_00347.jpg","water_spot","4","4_shuiban","inclusion","False","train"
"C:\Users\Misha\Documents\GitHub\MyProject1\DB\images\images\inclusion\img_05_425243500_00898.jpg","water_spot","4","4_shuiban","inclusion","False","train"
"C:\Users\Misha\Documents\GitHub\MyProject1\DB\images\images\inclusion\img_05_425243500_00952.jpg","water_spot","4","4_shuiban","inclusion","False","train"
"C:\Users\Misha\Documents\GitHub\MyProject1\DB\images\images\inclusion\img_05_425243500_00953.jpg","water_spot","4","4_shuiban","inclusion","False","train"
"C:\Users\Misha\Documents\GitHub\MyProject1\DB\images\images\inclusion\img_05_425243500_01096.jpg","water_spot","4","4_shuiban","inclusion","False","train"
"C:\Users\Misha\Documents\GitHub\MyProject1\DB\images\images\inclusion\img_05_425243500_01098.jpg","water_spot","4","4_shuiban","inclusion","False","train"
"C:\Users\Misha\Documents\GitHub\MyProject1\DB\images\images\inclusion\img_05_4406562900_00008.jpg","water_spot","4","4_shuiban","inclusion","False","train"
"C:\Users\Misha\Documents\GitHub\MyProject1\DB\images\images\inclusion\img_07_425391000_00291.jpg","water_spot","4","4_shuiban","inclusion","False","train"
"C:\Users\Misha\Documents\GitHub\MyProject1\DB\images\images\inclusion\img_07_425503000_00062.jpg","water_spot","4","4_shuiban","inclusion","False","train"
"C:\Users\Misha\Documents\GitHub\MyProject1\DB\images\images\inclusion\img_07_425503100_00007.jpg","water_spot","4","4_shuiban","inclusion","False","train"
"C:\Users\Misha\Documents\GitHub\MyProject1\DB\images\images\inclusion\img_07_425508400_00364.jpg","water_spot","4","4_shuiban","inclusion","False","train"
"C:\Users\Misha\Documents\GitHub\MyProject1\DB\images\images\oil_spot\img_02_425616200_00030.jpg","water_spot","4","4_shuiban","oil_spot","False","train"
"C:\Users\Misha\Documents\GitHub\MyProject1\DB\images\images\oil_spot\img_06_425503400_00040.jpg","water_spot","4","4_shuiban","oil_spot","False","train"
"C:\Users\Misha\Documents\GitHub\MyProject1\DB\images\images\water_spot\img_01_424995500_00255.jpg","water_spot","4","4_shuiban","water_spot","True","train"
"C:\Users\Misha\Documents\GitHub\MyProject1\DB\images\images\water_spot\img_01_424995500_00289.jpg","water_spot","4","4_shuiban","water_spot","True","train"
"C:\Users\Misha\Documents\GitHub\MyProject1\DB\images\images\water_spot\img_01_425000300_00520.jpg","water_spot","4","4_shuiban","water_spot","True","train"
"C:\Users\Misha\Documents\GitHub\MyProject1\DB\images\images\water_spot\img_01_425000300_00630.jpg","water_spot","4","4_shuiban","water_spot","True","train"
"C:\Users\Misha\Documents\GitHub\MyProject1\DB\images\images\water_spot\img_01_425000300_00743.jpg","water_spot","4","4_shuiban","water_spot","True","train"
"C:\Users\Misha\Documents\GitHub\MyProject1\DB\images\images\water_spot\img_01_425006200_00175.jpg","water_spot","4","4_shuiban","water_spot","True","train"
"C:\Users\Misha\Documents\GitHub\MyProject1\DB\images\images\water_spot\img_01_425006200_00448.jpg","water_spot","4","4_shuiban","water_spot","True","train"
"C:\Users\Misha\Documents\GitHub\MyProject1\DB\images\images\water_spot\img_01_425006200_00530.jpg","water_spot","4","4_shuiban","water_spot","True","train"
"C:\Users\Misha\Documents\GitHub\MyProject1\DB\images\images\water_spot\img_01_425006200_00929.jpg","water_spot","4","4_shuiban","water_spot","True","train"
"C:\Users\Misha\Documents\GitHub\MyProject1\DB\images\images\water_spot\img_01_425006600_00376.jpg","water_spot","4","4_shuiban","water_spot","True","train"
"C:\Users\Misha\Documents\GitHub\MyProject1\DB\images\images\water_spot\img_01_425006600_00498.jpg","water_spot","4","4_shuiban","water_spot","True","train"
"C:\Users\Misha\Documents\GitHub\MyProject1\DB\images\images\water_spot\img_01_425006600_00905.jpg","water_spot","4","4_shuiban","water_spot","True","train"
"C:\Users\Misha\Documents\GitHub\MyProject1\DB\images\images\water_spot\img_01_425006800_00261.jpg","water_spot","4","4_shuiban","water_spot","True","train"
"C:\Users\Misha\Documents\GitHub\MyProject1\DB\images\images\water_spot\img_01_425006800_00262.jpg","water_spot","4","4_shuiban","water_spot","True","train"
"C:\Users\Misha\Documents\GitHub\MyProject1\DB\images\images\water_spot\img_01_425007500_00003.jpg","water_spot","4","4_shuiban","water_spot","True","train"
"C:\Users\Misha\Documents\GitHub\MyProject1\DB\images\images\water_spot\img_01_425007500_01234.jpg","water_spot","4","4_shuiban","water_spot","True","train"
"C:\Users\Misha\Documents\GitHub\MyProject1\DB\images\images\water_spot\img_01_425007600_00126.jpg","water_spot","4","4_shuiban","water_spot","True","train"
"C:\Users\Misha\Documents\GitHub\MyProject1\DB\images\images\water_spot\img_01_425007600_00286.jpg","water_spot","4","4_shuiban","water_spot","True","train"
"C:\Users\Misha\Documents\GitHub\MyProject1\DB\images\images\water_spot\img_01_425007600_00854.jpg","water_spot","4","4_shuiban","water_spot","True","train"
"C:\Users\Misha\Documents\GitHub\MyProject1\DB\images\images\water_spot\img_01_425008000_00002.jpg","water_spot","4","4_shuiban","water_spot","True","train"
"C:\Users\Misha\Documents\GitHub\MyProject1\DB\images\images\water_spot\img_01_425008000_00104.jpg","water_spot","4","4_shuiban","water_spot","True","train"
"C:\Users\Misha\Documents\GitHub\MyProject1\DB\images\images\water_spot\img_01_425008000_00175.jpg","water_spot","4","4_shuiban","water_spot","True","train"
"C:\Users\Misha\Documents\GitHub\MyProject1\DB\images\images\water_spot\img_01_425008000_00252.jpg","water_spot","4","4_shuiban","water_spot","True","train"
"C:\Users\Misha\Documents\GitHub\MyProject1\DB\images\images\water_spot\img_01_425008500_00104.jpg","water_spot","4","4_shuiban","water_spot","True","train"
"C:\Users\Misha\Documents\GitHub\MyProject1\DB\images\images\water_spot\img_01_425008500_00260.jpg","water_spot","4","4_shuiban","water_spot","True","train"
"C:\Users\Misha\Documents\GitHub\MyProject1\DB\images\images\water_spot\img_01_425008500_00339.jpg","water_spot","4","4_shuiban","water_spot","True","train"
"C:\Users\Misha\Documents\GitHub\MyProject1\DB\images\images\water_spot\img_01_425008500_00410.jpg","water_spot","4","4_shuiban","water_spot","True","train"
"C:\Users\Misha\Documents\GitHub\MyProject1\DB\images\images\water_spot\img_01_425008500_00476.jpg","water_spot","4","4_shuiban","water_spot","True","train"
"C:\Users\Misha\Documents\GitHub\MyProject1\DB\images\images\water_spot\img_01_425008500_00584.jpg","water_spot","4","4_shuiban","water_spot","True","train"
"C:\Users\Misha\Documents\GitHub\MyProject1\DB\images\images\water_spot\img_01_425008500_00636.jpg","water_spot","4","4_shuiban","water_spot","True","train"
"C:\Users\Misha\Documents\GitHub\MyProject1\DB\images\images\water_spot\img_01_425008500_00677.jpg","water_spot","4","4_shuiban","water_spot","True","train"
"C:\Users\Misha\Documents\GitHub\MyProject1\DB\images\images\water_spot\img_01_425008500_00704.jpg","water_spot","4","4_shuiban","water_spot","True","train"
"C:\Users\Misha\Documents\GitHub\MyProject1\DB\images\images\water_spot\img_01_425008500_00793.jpg","water_spot","4","4_shuiban","water_spot","True","train"
"C:\Users\Misha\Documents\GitHub\MyProject1\DB\images\images\water_spot\img_01_425241400_00053.jpg","water_spot","4","4_shuiban","water_spot","True","train"
"C:\Users\Misha\Documents\GitHub\MyProject1\DB\images\images\water_spot\img_01_425241500_01125.jpg","water_spot","4","4_shuiban","water_spot","True","train"
"C:\Users\Misha\Documents\GitHub\MyProject1\DB\images\images\water_spot\img_01_425241600_00041.jpg","water_spot","4","4_shuiban","water_spot","True","train"
"C:\Users\Misha\Documents\GitHub\MyProject1\DB\images\images\water_spot\img_01_425241600_00283.jpg","water_spot","4","4_shuiban","water_spot","True","train"
"C:\Users\Misha\Documents\GitHub\MyProject1\DB\images\images\water_spot\img_01_425241700_00384.jpg","water_spot","4","4_shuiban","water_spot","True","train"
"C:\Users\Misha\Documents\GitHub\MyProject1\DB\images\images\water_spot\img_01_425244100_00158.jpg","water_spot","4","4_shuiban","water_spot","True","train"
"C:\Users\Misha\Documents\GitHub\MyProject1\DB\images\images\water_spot\img_01_425244100_00682.jpg","water_spot","4","4_shuiban","water_spot","True","train"
"C:\Users\Misha\Documents\GitHub\MyProject1\DB\images\images\water_spot\img_01_425244300_00309.jpg","water_spot","4","4_shuiban","water_spot","True","train"
"C:\Users\Misha\Documents\GitHub\MyProject1\DB\images\images\water_spot\img_01_425244400_00856.jpg","water_spot","4","4_shuiban","water_spot","True","train"
"C:\Users\Misha\Documents\GitHub\MyProject1\DB\images\images\water_spot\img_01_425392100_00662.jpg","water_spot","4","4_shuiban","water_spot","True","train"
"C:\Users\Misha\Documents\GitHub\MyProject1\DB\images\images\water_spot\img_01_425392300_00404.jpg","water_spot","4","4_shuiban","water_spot","True","train"
"C:\Users\Misha\Documents\GitHub\MyProject1\DB\images\images\water_spot\img_01_425392500_00788.jpg","water_spot","4","4_shuiban","water_spot","True","train"
"C:\Users\Misha\Documents\GitHub\MyProject1\DB\images\images\water_spot\img_01_425640000_00309.jpg","water_spot","4","4_shuiban","water_spot","True","train"
"C:\Users\Misha\Documents\GitHub\MyProject1\DB\images\images\water_spot\img_01_4403565100_00007.jpg","water_spot","4","4_shuiban","water_spot","True","train"
"C:\Users\Misha\Documents\GitHub\MyProject1\DB\images\images\water_spot\img_01_4403565100_00009.jpg","water_spot","4","4_shuiban","water_spot","True","train"
"C:\Users\Misha\Documents\GitHub\MyProject1\DB\images\images\water_spot\img_01_4403565100_00012.jpg","water_spot","4","4_shuiban","water_spot","True","train"
"C:\Users\Misha\Documents\GitHub\MyProject1\DB\images\images\water_spot\img_01_4403565100_00014.jpg","water_spot","4","4_shuiban","water_spot","True","train"
"C:\Users\Misha\Documents\GitHub\MyProject1\DB\images\images\water_spot\img_01_4406772100_00602.jpg","water_spot","4","4_shuiban","water_spot","True","train"
"C:\Users\Misha\Documents\GitHub\MyProject1\DB\images\images\water_spot\img_02_3436813700_00265.jpg","water_spot","4","4_shuiban","water_spot","True","train"
"C:\Users\Misha\Documents\GitHub\MyProject1\DB\images\images\water_spot\img_02_3436813700_00270.jpg","water_spot","4","4_shuiban","water_spot","True","train"
"C:\Users\Misha\Documents\GitHub\MyProject1\DB\images\images\water_spot\img_02_3436813700_00275.jpg","water_spot","4","4_shuiban","water_spot","True","train"
"C:\Users\Misha\Documents\GitHub\MyProject1\DB\images\images\water_spot\img_02_3436813700_00276.jpg","water_spot","4","4_shuiban","water_spot","True","train"
"C:\Users\Misha\Documents\GitHub\MyProject1\DB\images\images\water_spot\img_02_3436813700_00298.jpg","water_spot","4","4_shuiban","water_spot","True","train"
"C:\Users\Misha\Documents\GitHub\MyProject1\DB\images\images\water_spot\img_02_3436813700_00300.jpg","water_spot","4","4_shuiban","water_spot","True","train"
"C:\Users\Misha\Documents\GitHub\MyProject1\DB\images\images\water_spot\img_02_3436813700_00301.jpg","water_spot","4","4_shuiban","water_spot","True","train"
"C:\Users\Misha\Documents\GitHub\MyProject1\DB\images\images\water_spot\img_02_3436813700_00302.jpg","water_spot","4","4_shuiban","water_spot","True","train"
"C:\Users\Misha\Documents\GitHub\MyProject1\DB\images\images\water_spot\img_02_3436813700_00303.jpg","water_spot","4","4_shuiban","water_spot","True","train"
"C:\Users\Misha\Documents\GitHub\MyProject1\DB\images\images\water_spot\img_02_3436813700_00306.jpg","water_spot","4","4_shuiban","water_spot","True","train"
"C:\Users\Misha\Documents\GitHub\MyProject1\DB\images\images\water_spot\img_02_3436813700_00307.jpg","water_spot","4","4_shuiban","water_spot","True","train"
"C:\Users\Misha\Documents\GitHub\MyProject1\DB\images\images\water_spot\img_02_3436813700_00321.jpg","water_spot","4","4_shuiban","water_spot","True","train"
"C:\Users\Misha\Documents\GitHub\MyProject1\DB\images\images\water_spot\img_02_3436813700_00326.jpg","water_spot","4","4_shuiban","water_spot","True","train"
"C:\Users\Misha\Documents\GitHub\MyProject1\DB\images\images\water_spot\img_02_3436813700_00329.jpg","water_spot","4","4_shuiban","water_spot","True","train"
"C:\Users\Misha\Documents\GitHub\MyProject1\DB\images\images\water_spot\img_02_3436813700_00335.jpg","water_spot","4","4_shuiban","water_spot","True","train"
"C:\Users\Misha\Documents\GitHub\MyProject1\DB\images\images\water_spot\img_02_3436813700_00773.jpg","water_spot","4","4_shuiban","water_spot","True","train"
"C:\Users\Misha\Documents\GitHub\MyProject1\DB\images\images\water_spot\img_02_3436813700_00790.jpg","water_spot","4","4_shuiban","water_spot","True","train"
"C:\Users\Misha\Documents\GitHub\MyProject1\DB\images\images\water_spot\img_02_3436813700_00794.jpg","water_spot","4","4_shuiban","water_spot","True","train"
"C:\Users\Misha\Documents\GitHub\MyProject1\DB\images\images\water_spot\img_02_3436813700_00798.jpg","water_spot","4","4_shuiban","water_spot","True","train"
"C:\Users\Misha\Documents\GitHub\MyProject1\DB\images\images\water_spot\img_02_424799200_00387.jpg","water_spot","4","4_shuiban","water_spot","True","train"
"C:\Users\Misha\Documents\GitHub\MyProject1\DB\images\images\water_spot\img_02_424799200_00450.jpg","water_spot","4","4_shuiban","water_spot","True","train"
"C:\Users\Misha\Documents\GitHub\MyProject1\DB\images\images\water_spot\img_02_424799300_00072.jpg","water_spot","4","4_shuiban","water_spot","True","train"
"C:\Users\Misha\Documents\GitHub\MyProject1\DB\images\images\water_spot\img_02_424799300_00146.jpg","water_spot","4","4_shuiban","water_spot","True","train"
"C:\Users\Misha\Documents\GitHub\MyProject1\DB\images\images\water_spot\img_02_425391800_00025.jpg","water_spot","4","4_shuiban","water_spot","True","train"
"C:\Users\Misha\Documents\GitHub\MyProject1\DB\images\images\water_spot\img_02_425508600_00684.jpg","water_spot","4","4_shuiban","water_spot","True","train"
"C:\Users\Misha\Documents\GitHub\MyProject1\DB\images\images\water_spot\img_02_425614600_00432.jpg","water_spot","4","4_shuiban","water_spot","True","train"
"C:\Users\Misha\Documents\GitHub\MyProject1\DB\images\images\water_spot\img_02_425621800_00910.jpg","water_spot","4","4_shuiban","water_spot","True","train"
"C:\Users\Misha\Documents\GitHub\MyProject1\DB\images\images\water_spot\img_02_425644200_00602.jpg","water_spot","4","4_shuiban","water_spot","True","train"
"C:\Users\Misha\Documents\GitHub\MyProject1\DB\images\images\water_spot\img_02_425646200_00628.jpg","water_spot","4","4_shuiban","water_spot","True","train"
"C:\Users\Misha\Documents\GitHub\MyProject1\DB\images\images\water_spot\img_02_425646200_00629.jpg","water_spot","4","4_shuiban","water_spot","True","train"
"C:\Users\Misha\Documents\GitHub\MyProject1\DB\images\images\water_spot\img_02_436149500_00369.jpg","water_spot","4","4_shuiban","water_spot","True","train"
"C:\Users\Misha\Documents\GitHub\MyProject1\DB\images\images\water_spot\img_02_4402766800_00635.jpg","water_spot","4","4_shuiban","water_spot","True","train"
"C:\Users\Misha\Documents\GitHub\MyProject1\DB\images\images\water_spot\img_02_4404580000_00041.jpg","water_spot","4","4_shuiban","water_spot","True","train"
"C:\Users\Misha\Documents\GitHub\MyProject1\DB\images\images\water_spot\img_02_4404580000_00068.jpg","water_spot","4","4_shuiban","water_spot","True","train"
"C:\Users\Misha\Documents\GitHub\MyProject1\DB\images\images\water_spot\img_02_4405230800_01128.jpg","water_spot","4","4_shuiban","water_spot","True","train"
"C:\Users\Misha\Documents\GitHub\MyProject1\DB\images\images\water_spot\img_02_4406772100_00221.jpg","water_spot","4","4_shuiban","water_spot","True","train"
"C:\Users\Misha\Documents\GitHub\MyProject1\DB\images\images\water_spot\img_02_4406772100_00243.jpg","water_spot","4","4_shuiban","water_spot","True","train"
"C:\Users\Misha\Documents\GitHub\MyProject1\DB\images\images\water_spot\img_02_4406772100_00275.jpg","water_spot","4","4_shuiban","water_spot","True","train"
"C:\Users\Misha\Documents\GitHub\MyProject1\DB\images\images\water_spot\img_02_4406772100_00324.jpg","water_spot","4","4_shuiban","water_spot","True","train"
"C:\Users\Misha\Documents\GitHub\MyProject1\DB\images\images\water_spot\img_02_4406772100_00404.jpg","water_spot","4","4_shuiban","water_spot","True","train"
"C:\Users\Misha\Documents\GitHub\MyProject1\DB\images\images\water_spot\img_02_4406772100_00443.jpg","water_spot","4","4_shuiban","water_spot","True","train"
"C:\Users\Misha\Documents\GitHub\MyProject1\DB\images\images\water_spot\img_02_4406772100_00500.jpg","water_spot","4","4_shuiban","water_spot","True","train"
"C:\Users\Misha\Documents\GitHub\MyProject1\DB\images\images\water_spot\img_02_4406772100_00531.jpg","water_spot","4","4_shuiban","water_spot","True","train"
"C:\Users\Misha\Documents\GitHub\MyProject1\DB\images\images\water_spot\img_02_4406772100_00672.jpg","water_spot","4","4_shuiban","water_spot","True","train"
"C:\Users\Misha\Documents\GitHub\MyProject1\DB\images\images\water_spot\img_02_4406772100_00673.jpg","water_spot","4","4_shuiban","water_spot","True","train"
"C:\Users\Misha\Documents\GitHub\MyProject1\DB\images\images\water_spot\img_02_4406772100_00695.jpg","water_spot","4","4_shuiban","water_spot","True","train"
"C:\Users\Misha\Documents\GitHub\MyProject1\DB\images\images\water_spot\img_02_SIS001540_00034.jpg","water_spot","4","4_shuiban","water_spot","True","train"
"C:\Users\Misha\Documents\GitHub\MyProject1\DB\images\images\water_spot\img_03_3402617700_00053.jpg","water_spot","4","4_shuiban","water_spot","True","train"
"C:\Users\Misha\Documents\GitHub\MyProject1\DB\images\images\water_spot\img_03_3402617700_00386.jpg","water_spot","4","4_shuiban","water_spot","True","train"
"C:\Users\Misha\Documents\GitHub\MyProject1\DB\images\images\water_spot\img_03_3402617700_00768.jpg","water_spot","4","4_shuiban","water_spot","True","train"
"C:\Users\Misha\Documents\GitHub\MyProject1\DB\images\images\water_spot\img_03_3402617800_00047.jpg","water_spot","4","4_shuiban","water_spot","True","train"
"C:\Users\Misha\Documents\GitHub\MyProject1\DB\images\images\water_spot\img_03_3402618000_00035.jpg","water_spot","4","4_shuiban","water_spot","True","train"
"C:\Users\Misha\Documents\GitHub\MyProject1\DB\images\images\water_spot\img_03_424714400_00306.jpg","water_spot","4","4_shuiban","water_spot","True","train"
"C:\Users\Misha\Documents\GitHub\MyProject1\DB\images\images\water_spot\img_03_424798500_00467.jpg","water_spot","4","4_shuiban","water_spot","True","train"
"C:\Users\Misha\Documents\GitHub\MyProject1\DB\images\images\water_spot\img_03_424799200_00260.jpg","water_spot","4","4_shuiban","water_spot","True","train"
"C:\Users\Misha\Documents\GitHub\MyProject1\DB\images\images\water_spot\img_03_424799600_00800.jpg","water_spot","4","4_shuiban","water_spot","True","train"
"C:\Users\Misha\Documents\GitHub\MyProject1\DB\images\images\water_spot\img_03_424825900_00211.jpg","water_spot","4","4_shuiban","water_spot","True","train"
"C:\Users\Misha\Documents\GitHub\MyProject1\DB\images\images\water_spot\img_03_424826100_00528.jpg","water_spot","4","4_shuiban","water_spot","True","train"
"C:\Users\Misha\Documents\GitHub\MyProject1\DB\images\images\water_spot\img_03_424826800_00073.jpg","water_spot","4","4_shuiban","water_spot","True","train"
"C:\Users\Misha\Documents\GitHub\MyProject1\DB\images\images\water_spot\img_03_424826800_00361.jpg","water_spot","4","4_shuiban","water_spot","True","train"
"C:\Users\Misha\Documents\GitHub\MyProject1\DB\images\images\water_spot\img_03_424826800_00420.jpg","water_spot","4","4_shuiban","water_spot","True","train"
"C:\Users\Misha\Documents\GitHub\MyProject1\DB\images\images\water_spot\img_03_424992300_00206.jpg","water_spot","4","4_shuiban","water_spot","True","train"
"C:\Users\Misha\Documents\GitHub\MyProject1\DB\images\images\water_spot\img_03_424992300_00216.jpg","water_spot","4","4_shuiban","water_spot","True","train"
"C:\Users\Misha\Documents\GitHub\MyProject1\DB\images\images\water_spot\img_03_424992300_00223.jpg","water_spot","4","4_shuiban","water_spot","True","train"
"C:\Users\Misha\Documents\GitHub\MyProject1\DB\images\images\water_spot\img_03_424992300_00228.jpg","water_spot","4","4_shuiban","water_spot","True","train"
"C:\Users\Misha\Documents\GitHub\MyProject1\DB\images\images\water_spot\img_03_424992300_00274.jpg","water_spot","4","4_shuiban","water_spot","True","train"
"C:\Users\Misha\Documents\GitHub\MyProject1\DB\images\images\water_spot\img_03_424992300_00311.jpg","water_spot","4","4_shuiban","water_spot","True","train"
"C:\Users\Misha\Documents\GitHub\MyProject1\DB\images\images\water_spot\img_03_424992500_00228.jpg","water_spot","4","4_shuiban","water_spot","True","train"
"C:\Users\Misha\Documents\GitHub\MyProject1\DB\images\images\water_spot\img_03_424992500_00388.jpg","water_spot","4","4_shuiban","water_spot","True","train"
"C:\Users\Misha\Documents\GitHub\MyProject1\DB\images\images\water_spot\img_03_424992500_00482.jpg","water_spot","4","4_shuiban","water_spot","True","train"
"C:\Users\Misha\Documents\GitHub\MyProject1\DB\images\images\water_spot\img_03_424992500_01025.jpg","water_spot","4","4_shuiban","water_spot","True","train"
"C:\Users\Misha\Documents\GitHub\MyProject1\DB\images\images\water_spot\img_03_424992500_01054.jpg","water_spot","4","4_shuiban","water_spot","True","train"
"C:\Users\Misha\Documents\GitHub\MyProject1\DB\images\images\water_spot\img_03_424992500_01056.jpg","water_spot","4","4_shuiban","water_spot","True","train"
"C:\Users\Misha\Documents\GitHub\MyProject1\DB\images\images\water_spot\img_03_424992500_01073.jpg","water_spot","4","4_shuiban","water_spot","True","train"
"C:\Users\Misha\Documents\GitHub\MyProject1\DB\images\images\water_spot\img_03_424992500_01102.jpg","water_spot","4","4_shuiban","water_spot","True","train"
"C:\Users\Misha\Documents\GitHub\MyProject1\DB\images\images\water_spot\img_03_425003700_00402.jpg","water_spot","4","4_shuiban","water_spot","True","train"
"C:\Users\Misha\Documents\GitHub\MyProject1\DB\images\images\water_spot\img_03_425505000_00110.jpg","water_spot","4","4_shuiban","water_spot","True","train"
"C:\Users\Misha\Documents\GitHub\MyProject1\DB\images\images\water_spot\img_03_425505400_00075.jpg","water_spot","4","4_shuiban","water_spot","True","train"
"C:\Users\Misha\Documents\GitHub\MyProject1\DB\images\images\water_spot\img_03_436156500_01005.jpg","water_spot","4","4_shuiban","water_spot","True","train"
"C:\Users\Misha\Documents\GitHub\MyProject1\DB\images\images\water_spot\img_03_436164700_00257.jpg","water_spot","4","4_shuiban","water_spot","True","train"
"C:\Users\Misha\Documents\GitHub\MyProject1\DB\images\images\water_spot\img_03_436185500_00212.jpg","water_spot","4","4_shuiban","water_spot","True","train"
"C:\Users\Misha\Documents\GitHub\MyProject1\DB\images\images\water_spot\img_03_4402541500_01471.jpg","water_spot","4","4_shuiban","water_spot","True","train"
"C:\Users\Misha\Documents\GitHub\MyProject1\DB\images\images\water_spot\img_03_4402766800_00010.jpg","water_spot","4","4_shuiban","water_spot","True","train"
"C:\Users\Misha\Documents\GitHub\MyProject1\DB\images\images\water_spot\img_03_4405000700_00831.jpg","water_spot","4","4_shuiban","water_spot","True","train"
"C:\Users\Misha\Documents\GitHub\MyProject1\DB\images\images\water_spot\img_03_SIS001540_00772.jpg","water_spot","4","4_shuiban","water_spot","True","train"
"C:\Users\Misha\Documents\GitHub\MyProject1\DB\images\images\water_spot\img_03_SIS001540_00775.jpg","water_spot","4","4_shuiban","water_spot","True","train"
"C:\Users\Misha\Documents\GitHub\MyProject1\DB\images\images\water_spot\img_03_SIS001540_00782.jpg","water_spot","4","4_shuiban","water_spot","True","train"
"C:\Users\Misha\Documents\GitHub\MyProject1\DB\images\images\water_spot\img_03_SIS001540_00785.jpg","water_spot","4","4_shuiban","water_spot","True","train"
"C:\Users\Misha\Documents\GitHub\MyProject1\DB\images\images\water_spot\img_03_SIS001540_00786.jpg","water_spot","4","4_shuiban","water_spot","True","train"
"C:\Users\Misha\Documents\GitHub\MyProject1\DB\images\images\water_spot\img_03_SIS001540_00788.jpg","water_spot","4","4_shuiban","water_spot","True","train"
"C:\Users\Misha\Documents\GitHub\MyProject1\DB\images\images\water_spot\img_03_SIS001540_00792.jpg","water_spot","4","4_shuiban","water_spot","True","train"
"C:\Users\Misha\Documents\GitHub\MyProject1\DB\images\images\water_spot\img_03_SIS001540_00794.jpg","water_spot","4","4_shuiban","water_spot","True","train"
"C:\Users\Misha\Documents\GitHub\MyProject1\DB\images\images\water_spot\img_03_SIS001540_00798.jpg","water_spot","4","4_shuiban","water_spot","True","train"
"C:\Users\Misha\Documents\GitHub\MyProject1\DB\images\images\water_spot\img_03_SIS001540_00800.jpg","water_spot","4","4_shuiban","water_spot","True","train"
"C:\Users\Misha\Documents\GitHub\MyProject1\DB\images\images\water_spot\img_03_SIS001540_00801.jpg","water_spot","4","4_shuiban","water_spot","True","train"
"C:\Users\Misha\Documents\GitHub\MyProject1\DB\images\images\water_spot\img_03_SIS001540_00805.jpg","water_spot","4","4_shuiban","water_spot","True","train"
"C:\Users\Misha\Documents\GitHub\MyProject1\DB\images\images\water_spot\img_03_SIS001540_00809.jpg","water_spot","4","4_shuiban","water_spot","True","train"
"C:\Users\Misha\Documents\GitHub\MyProject1\DB\images\images\water_spot\img_03_SIS001540_00810.jpg","water_spot","4","4_shuiban","water_spot","True","train"
"C:\Users\Misha\Documents\GitHub\MyProject1\DB\images\images\water_spot\img_04_424798500_00304.jpg","water_spot","4","4_shuiban","water_spot","True","train"
"C:\Users\Misha\Documents\GitHub\MyProject1\DB\images\images\water_spot\img_04_424826100_00528.jpg","water_spot","4","4_shuiban","water_spot","True","train"
"C:\Users\Misha\Documents\GitHub\MyProject1\DB\images\images\water_spot\img_04_425237600_00360.jpg","water_spot","4","4_shuiban","water_spot","True","train"
"C:\Users\Misha\Documents\GitHub\MyProject1\DB\images\images\water_spot\img_04_425237600_00408.jpg","water_spot","4","4_shuiban","water_spot","True","train"
"C:\Users\Misha\Documents\GitHub\MyProject1\DB\images\images\water_spot\img_04_425613700_00585.jpg","water_spot","4","4_shuiban","water_spot","True","train"
"C:\Users\Misha\Documents\GitHub\MyProject1\DB\images\images\water_spot\img_04_436162900_00016.jpg","water_spot","4","4_shuiban","water_spot","True","train"
"C:\Users\Misha\Documents\GitHub\MyProject1\DB\images\images\water_spot\img_04_4405001100_00859.jpg","water_spot","4","4_shuiban","water_spot","True","train"
"C:\Users\Misha\Documents\GitHub\MyProject1\DB\images\images\water_spot\img_05_4402766800_00515.jpg","water_spot","4","4_shuiban","water_spot","True","train"
"C:\Users\Misha\Documents\GitHub\MyProject1\DB\images\images\water_spot\img_06_424799200_00013.jpg","water_spot","4","4_shuiban","water_spot","True","train"
"C:\Users\Misha\Documents\GitHub\MyProject1\DB\images\images\water_spot\img_07_425508300_00927.jpg","water_spot","4","4_shuiban","water_spot","True","train"
"C:\Users\Misha\Documents\GitHub\MyProject1\DB\images\images\water_spot\img_07_4403743900_00001.jpg","water_spot","4","4_shuiban","water_spot","True","train"
"C:\Users\Misha\Documents\GitHub\MyProject1\DB\images\images\water_spot\img_08_4403744200_01172.jpg","water_spot","4","4_shuiban","water_spot","True","train"
"C:\Users\Misha\Documents\GitHub\MyProject1\DB\images\images\water_spot\img_08_4403744200_01177.jpg","water_spot","4","4_shuiban","water_spot","True","train"
"C:\Users\Misha\Documents\GitHub\MyProject1\DB\images\images\water_spot\img_08_4403744200_01180.jpg","water_spot","4","4_shuiban","water_spot","True","train"
"C:\Users\Misha\Documents\GitHub\MyProject1\DB\images\images\water_spot\img_08_4403744200_01181.jpg","water_spot","4","4_shuiban","water_spot","True","train"
"C:\Users\Misha\Documents\GitHub\MyProject1\DB\images\images\inclusion\img_02_4406446600_00073.jpg","oil_spot","5","5_youban","inclusion","False","train"
"C:\Users\Misha\Documents\GitHub\MyProject1\DB\images\images\oil_spot\img_01_425503000_00872.jpg","oil_spot","5","5_youban","oil_spot","True","train"
"C:\Users\Misha\Documents\GitHub\MyProject1\DB\images\images\oil_spot\img_01_425614600_00428.jpg","oil_spot","5","5_youban","oil_spot","True","train"
"C:\Users\Misha\Documents\GitHub\MyProject1\DB\images\images\oil_spot\img_01_433354400_00040.jpg","oil_spot","5","5_youban","oil_spot","True","train"
"C:\Users\Misha\Documents\GitHub\MyProject1\DB\images\images\oil_spot\img_01_435974400_00005.jpg","oil_spot","5","5_youban","oil_spot","True","train"
"C:\Users\Misha\Documents\GitHub\MyProject1\DB\images\images\oil_spot\img_02_3402617200_00003.jpg","oil_spot","5","5_youban","oil_spot","True","train"
"C:\Users\Misha\Documents\GitHub\MyProject1\DB\images\images\oil_spot\img_02_424799200_00178.jpg","oil_spot","5","5_youban","oil_spot","True","train"
"C:\Users\Misha\Documents\GitHub\MyProject1\DB\images\images\oil_spot\img_02_424799200_00250.jpg","oil_spot","5","5_youban","oil_spot","True","train"
"C:\Users\Misha\Documents\GitHub\MyProject1\DB\images\images\oil_spot\img_02_425507000_00871.jpg","oil_spot","5","5_youban","oil_spot","True","train"
"C:\Users\Misha\Documents\GitHub\MyProject1\DB\images\images\oil_spot\img_02_425507000_00876.jpg","oil_spot","5","5_youban","oil_spot","True","train"
"C:\Users\Misha\Documents\GitHub\MyProject1\DB\images\images\oil_spot\img_02_425507000_00882.jpg","oil_spot","5","5_youban","oil_spot","True","train"
"C:\Users\Misha\Documents\GitHub\MyProject1\DB\images\images\oil_spot\img_02_425507000_00888.jpg","oil_spot","5","5_youban","oil_spot","True","train"
"C:\Users\Misha\Documents\GitHub\MyProject1\DB\images\images\oil_spot\img_02_425507000_00900.jpg","oil_spot","5","5_youban","oil_spot","True","train"
"C:\Users\Misha\Documents\GitHub\MyProject1\DB\images\images\oil_spot\img_02_425507000_00913.jpg","oil_spot","5","5_youban","oil_spot","True","train"
"C:\Users\Misha\Documents\GitHub\MyProject1\DB\images\images\oil_spot\img_02_425507000_00931.jpg","oil_spot","5","5_youban","oil_spot","True","train"
"C:\Users\Misha\Documents\GitHub\MyProject1\DB\images\images\oil_spot\img_02_425507200_01503.jpg","oil_spot","5","5_youban","oil_spot","True","train"
"C:\Users\Misha\Documents\GitHub\MyProject1\DB\images\images\oil_spot\img_02_425507200_01504.jpg","oil_spot","5","5_youban","oil_spot","True","train"
"C:\Users\Misha\Documents\GitHub\MyProject1\DB\images\images\oil_spot\img_02_425507200_01505.jpg","oil_spot","5","5_youban","oil_spot","True","train"
"C:\Users\Misha\Documents\GitHub\MyProject1\DB\images\images\oil_spot\img_02_425507200_01509.jpg","oil_spot","5","5_youban","oil_spot","True","train"
"C:\Users\Misha\Documents\GitHub\MyProject1\DB\images\images\oil_spot\img_02_425507200_01510.jpg","oil_spot","5","5_youban","oil_spot","True","train"
"C:\Users\Misha\Documents\GitHub\MyProject1\DB\images\images\oil_spot\img_02_425507200_01513.jpg","oil_spot","5","5_youban","oil_spot","True","train"
"C:\Users\Misha\Documents\GitHub\MyProject1\DB\images\images\oil_spot\img_02_425507200_01514.jpg","oil_spot","5","5_youban","oil_spot","True","train"
"C:\Users\Misha\Documents\GitHub\MyProject1\DB\images\images\oil_spot\img_02_425507200_01515.jpg","oil_spot","5","5_youban","oil_spot","True","train"
"C:\Users\Misha\Documents\GitHub\MyProject1\DB\images\images\oil_spot\img_02_425507200_01517.jpg","oil_spot","5","5_youban","oil_spot","True","train"
"C:\Users\Misha\Documents\GitHub\MyProject1\DB\images\images\oil_spot\img_02_SIS001540_00053.jpg","oil_spot","5","5_youban","oil_spot","True","train"
"C:\Users\Misha\Documents\GitHub\MyProject1\DB\images\images\oil_spot\img_03_3402617400_00941.jpg","oil_spot","5","5_youban","oil_spot","True","train"
"C:\Users\Misha\Documents\GitHub\MyProject1\DB\images\images\oil_spot\img_03_3402617400_00947.jpg","oil_spot","5","5_youban","oil_spot","True","train"
"C:\Users\Misha\Documents\GitHub\MyProject1\DB\images\images\oil_spot\img_03_3402617700_00118.jpg","oil_spot","5","5_youban","oil_spot","True","train"
"C:\Users\Misha\Documents\GitHub\MyProject1\DB\images\images\oil_spot\img_03_3402617700_00394.jpg","oil_spot","5","5_youban","oil_spot","True","train"
"C:\Users\Misha\Documents\GitHub\MyProject1\DB\images\images\oil_spot\img_03_3402617700_00456.jpg","oil_spot","5","5_youban","oil_spot","True","train"
"C:\Users\Misha\Documents\GitHub\MyProject1\DB\images\images\oil_spot\img_03_3437006500_00033.jpg","oil_spot","5","5_youban","oil_spot","True","train"
"C:\Users\Misha\Documents\GitHub\MyProject1\DB\images\images\oil_spot\img_03_3437006500_00035.jpg","oil_spot","5","5_youban","oil_spot","True","train"
"C:\Users\Misha\Documents\GitHub\MyProject1\DB\images\images\oil_spot\img_03_425391000_00491.jpg","oil_spot","5","5_youban","oil_spot","True","train"
"C:\Users\Misha\Documents\GitHub\MyProject1\DB\images\images\oil_spot\img_03_425504800_00012.jpg","oil_spot","5","5_youban","oil_spot","True","train"
"C:\Users\Misha\Documents\GitHub\MyProject1\DB\images\images\oil_spot\img_03_425507000_00872.jpg","oil_spot","5","5_youban","oil_spot","True","train"
"C:\Users\Misha\Documents\GitHub\MyProject1\DB\images\images\oil_spot\img_03_425507000_00876.jpg","oil_spot","5","5_youban","oil_spot","True","train"
"C:\Users\Misha\Documents\GitHub\MyProject1\DB\images\images\oil_spot\img_03_425507000_00894.jpg","oil_spot","5","5_youban","oil_spot","True","train"
"C:\Users\Misha\Documents\GitHub\MyProject1\DB\images\images\oil_spot\img_03_425507000_00900.jpg","oil_spot","5","5_youban","oil_spot","True","train"
"C:\Users\Misha\Documents\GitHub\MyProject1\DB\images\images\oil_spot\img_03_436152900_00005.jpg","oil_spot","5","5_youban","oil_spot","True","train"
"C:\Users\Misha\Documents\GitHub\MyProject1\DB\images\images\oil_spot\img_03_4403465900_00023.jpg","oil_spot","5","5_youban","oil_spot","True","train"
"C:\Users\Misha\Documents\GitHub\MyProject1\DB\images\images\oil_spot\img_03_SIS001546_00029.jpg","oil_spot","5","5_youban","oil_spot","True","train"
"C:\Users\Misha\Documents\GitHub\MyProject1\DB\images\images\oil_spot\img_03_SIS001546_00031.jpg","oil_spot","5","5_youban","oil_spot","True","train"
"C:\Users\Misha\Documents\GitHub\MyProject1\DB\images\images\oil_spot\img_03_SIS001546_00041.jpg","oil_spot","5","5_youban","oil_spot","True","train"
"C:\Users\Misha\Documents\GitHub\MyProject1\DB\images\images\oil_spot\img_03_SIS001546_00060.jpg","oil_spot","5","5_youban","oil_spot","True","train"
"C:\Users\Misha\Documents\GitHub\MyProject1\DB\images\images\oil_spot\img_04_3402617700_00395.jpg","oil_spot","5","5_youban","oil_spot","True","train"
"C:\Users\Misha\Documents\GitHub\MyProject1\DB\images\images\oil_spot\img_04_425503600_00019.jpg","oil_spot","5","5_youban","oil_spot","True","train"
"C:\Users\Misha\Documents\GitHub\MyProject1\DB\images\images\oil_spot\img_04_431854700_00686.jpg","oil_spot","5","5_youban","oil_spot","True","train"
"C:\Users\Misha\Documents\GitHub\MyProject1\DB\images\images\oil_spot\img_04_431855000_00121.jpg","oil_spot","5","5_youban","oil_spot","True","train"
"C:\Users\Misha\Documents\GitHub\MyProject1\DB\images\images\oil_spot\img_04_431855000_00127.jpg","oil_spot","5","5_youban","oil_spot","True","train"
"C:\Users\Misha\Documents\GitHub\MyProject1\DB\images\images\oil_spot\img_04_435974400_00005.jpg","oil_spot","5","5_youban","oil_spot","True","train"
"C:\Users\Misha\Documents\GitHub\MyProject1\DB\images\images\oil_spot\img_04_436163100_00005.jpg","oil_spot","5","5_youban","oil_spot","True","train"
"C:\Users\Misha\Documents\GitHub\MyProject1\DB\images\images\oil_spot\img_04_436163100_00007.jpg","oil_spot","5","5_youban","oil_spot","True","train"
"C:\Users\Misha\Documents\GitHub\MyProject1\DB\images\images\oil_spot\img_04_436163100_00008.jpg","oil_spot","5","5_youban","oil_spot","True","train"
"C:\Users\Misha\Documents\GitHub\MyProject1\DB\images\images\oil_spot\img_04_436163100_00009.jpg","oil_spot","5","5_youban","oil_spot","True","train"
"C:\Users\Misha\Documents\GitHub\MyProject1\DB\images\images\oil_spot\img_04_436163100_00010.jpg","oil_spot","5","5_youban","oil_spot","True","train"
"C:\Users\Misha\Documents\GitHub\MyProject1\DB\images\images\oil_spot\img_04_436163100_00012.jpg","oil_spot","5","5_youban","oil_spot","True","train"
"C:\Users\Misha\Documents\GitHub\MyProject1\DB\images\images\oil_spot\img_04_436163100_00039.jpg","oil_spot","5","5_youban","oil_spot","True","train"
"C:\Users\Misha\Documents\GitHub\MyProject1\DB\images\images\oil_spot\img_04_436163100_00055.jpg","oil_spot","5","5_youban","oil_spot","True","train"
"C:\Users\Misha\Documents\GitHub\MyProject1\DB\images\images\oil_spot\img_06_425502300_01395.jpg","oil_spot","5","5_youban","oil_spot","True","train"
"C:\Users\Misha\Documents\GitHub\MyProject1\DB\images\images\oil_spot\img_06_425502300_01398.jpg","oil_spot","5","5_youban","oil_spot","True","train"
"C:\Users\Misha\Documents\GitHub\MyProject1\DB\images\images\oil_spot\img_06_425502300_01399.jpg","oil_spot","5","5_youban","oil_spot","True","train"
"C:\Users\Misha\Documents\GitHub\MyProject1\DB\images\images\oil_spot\img_06_425502300_01400.jpg","oil_spot","5","5_youban","oil_spot","True","train"
"C:\Users\Misha\Documents\GitHub\MyProject1\DB\images\images\oil_spot\img_06_425502300_01401.jpg","oil_spot","5","5_youban","oil_spot","True","train"
"C:\Users\Misha\Documents\GitHub\MyProject1\DB\images\images\oil_spot\img_06_425502300_01402.jpg","oil_spot","5","5_youban","oil_spot","True","train"
"C:\Users\Misha\Documents\GitHub\MyProject1\DB\images\images\oil_spot\img_06_425502300_01403.jpg","oil_spot","5","5_youban","oil_spot","True","train"
"C:\Users\Misha\Documents\GitHub\MyProject1\DB\images\images\oil_spot\img_06_425502300_01409.jpg","oil_spot","5","5_youban","oil_spot","True","train"
"C:\Users\Misha\Documents\GitHub\MyProject1\DB\images\images\oil_spot\img_06_425502300_01437.jpg","oil_spot","5","5_youban","oil_spot","True","train"
"C:\Users\Misha\Documents\GitHub\MyProject1\DB\images\images\oil_spot\img_06_425502300_01438.jpg","oil_spot","5","5_youban","oil_spot","True","train"
"C:\Users\Misha\Documents\GitHub\MyProject1\DB\images\images\oil_spot\img_06_425503400_00049.jpg","oil_spot","5","5_youban","oil_spot","True","train"
"C:\Users\Misha\Documents\GitHub\MyProject1\DB\images\images\oil_spot\img_07_3437011100_00683.jpg","oil_spot","5","5_youban","oil_spot","True","train"
"C:\Users\Misha\Documents\GitHub\MyProject1\DB\images\images\oil_spot\img_07_3437011100_00688.jpg","oil_spot","5","5_youban","oil_spot","True","train"
"C:\Users\Misha\Documents\GitHub\MyProject1\DB\images\images\oil_spot\img_07_425100400_00082.jpg","oil_spot","5","5_youban","oil_spot","True","train"
"C:\Users\Misha\Documents\GitHub\MyProject1\DB\images\images\oil_spot\img_07_425100400_00094.jpg","oil_spot","5","5_youban","oil_spot","True","train"
"C:\Users\Misha\Documents\GitHub\MyProject1\DB\images\images\oil_spot\img_07_425390700_00052.jpg","oil_spot","5","5_youban","oil_spot","True","train"
"C:\Users\Misha\Documents\GitHub\MyProject1\DB\images\images\oil_spot\img_07_425390800_00008.jpg","oil_spot","5","5_youban","oil_spot","True","train"
"C:\Users\Misha\Documents\GitHub\MyProject1\DB\images\images\oil_spot\img_07_425390900_00052.jpg","oil_spot","5","5_youban","oil_spot","True","train"
"C:\Users\Misha\Documents\GitHub\MyProject1\DB\images\images\oil_spot\img_07_425390900_00053.jpg","oil_spot","5","5_youban","oil_spot","True","train"
"C:\Users\Misha\Documents\GitHub\MyProject1\DB\images\images\oil_spot\img_07_425390900_00054.jpg","oil_spot","5","5_youban","oil_spot","True","train"
"C:\Users\Misha\Documents\GitHub\MyProject1\DB\images\images\oil_spot\img_07_425390900_00056.jpg","oil_spot","5","5_youban","oil_spot","True","train"
"C:\Users\Misha\Documents\GitHub\MyProject1\DB\images\images\oil_spot\img_07_425390900_00057.jpg","oil_spot","5","5_youban","oil_spot","True","train"
"C:\Users\Misha\Documents\GitHub\MyProject1\DB\images\images\oil_spot\img_07_425390900_00058.jpg","oil_spot","5","5_youban","oil_spot","True","train"
"C:\Users\Misha\Documents\GitHub\MyProject1\DB\images\images\oil_spot\img_07_425390900_00059.jpg","oil_spot","5","5_youban","oil_spot","True","train"
"C:\Users\Misha\Documents\GitHub\MyProject1\DB\images\images\oil_spot\img_07_425390900_00061.jpg","oil_spot","5","5_youban","oil_spot","True","train"
"C:\Users\Misha\Documents\GitHub\MyProject1\DB\images\images\oil_spot\img_07_425390900_00062.jpg","oil_spot","5","5_youban","oil_spot","True","train"
"C:\Users\Misha\Documents\GitHub\MyProject1\DB\images\images\oil_spot\img_07_425390900_00063.jpg","oil_spot","5","5_youban","oil_spot","True","train"
"C:\Users\Misha\Documents\GitHub\MyProject1\DB\images\images\oil_spot\img_07_425390900_00075.jpg","oil_spot","5","5_youban","oil_spot","True","train"
"C:\Users\Misha\Documents\GitHub\MyProject1\DB\images\images\oil_spot\img_07_425390900_00083.jpg","oil_spot","5","5_youban","oil_spot","True","train"
"C:\Users\Misha\Documents\GitHub\MyProject1\DB\images\images\oil_spot\img_07_425390900_00086.jpg","oil_spot","5","5_youban","oil_spot","True","train"
"C:\Users\Misha\Documents\GitHub\MyProject1\DB\images\images\oil_spot\img_07_425390900_00087.jpg","oil_spot","5","5_youban","oil_spot","True","train"
"C:\Users\Misha\Documents\GitHub\MyProject1\DB\images\images\oil_spot\img_07_425390900_00110.jpg","oil_spot","5","5_youban","oil_spot","True","train"
"C:\Users\Misha\Documents\GitHub\MyProject1\DB\images\images\oil_spot\img_07_425390900_00113.jpg","oil_spot","5","5_youban","oil_spot","True","train"
"C:\Users\Misha\Documents\GitHub\MyProject1\DB\images\images\oil_spot\img_07_425507400_01690.jpg","oil_spot","5","5_youban","oil_spot","True","train"
"C:\Users\Misha\Documents\GitHub\MyProject1\DB\images\images\oil_spot\img_07_425507400_01692.jpg","oil_spot","5","5_youban","oil_spot","True","train"
"C:\Users\Misha\Documents\GitHub\MyProject1\DB\images\images\oil_spot\img_07_435974600_00212.jpg","oil_spot","5","5_youban","oil_spot","True","train"
"C:\Users\Misha\Documents\GitHub\MyProject1\DB\images\images\oil_spot\img_07_435974600_00213.jpg","oil_spot","5","5_youban","oil_spot","True","train"
"C:\Users\Misha\Documents\GitHub\MyProject1\DB\images\images\oil_spot\img_07_435974600_00215.jpg","oil_spot","5","5_youban","oil_spot","True","train"
"C:\Users\Misha\Documents\GitHub\MyProject1\DB\images\images\oil_spot\img_07_435974600_00217.jpg","oil_spot","5","5_youban","oil_spot","True","train"
"C:\Users\Misha\Documents\GitHub\MyProject1\DB\images\images\oil_spot\img_07_435974600_00218.jpg","oil_spot","5","5_youban","oil_spot","True","train"
"C:\Users\Misha\Documents\GitHub\MyProject1\DB\images\images\oil_spot\img_07_435974600_00221.jpg","oil_spot","5","5_youban","oil_spot","True","train"
"C:\Users\Misha\Documents\GitHub\MyProject1\DB\images\images\oil_spot\img_07_435974600_00226.jpg","oil_spot","5","5_youban","oil_spot","True","train"
"C:\Users\Misha\Documents\GitHub\MyProject1\DB\images\images\oil_spot\img_07_435974600_00227.jpg","oil_spot","5","5_youban","oil_spot","True","train"
"C:\Users\Misha\Documents\GitHub\MyProject1\DB\images\images\oil_spot\img_07_435974600_00230.jpg","oil_spot","5","5_youban","oil_spot","True","train"
"C:\Users\Misha\Documents\GitHub\MyProject1\DB\images\images\oil_spot\img_08_3437011100_00683.jpg","oil_spot","5","5_youban","oil_spot","True","train"
"C:\Users\Misha\Documents\GitHub\MyProject1\DB\images\images\oil_spot\img_08_3437011100_00685.jpg","oil_spot","5","5_youban","oil_spot","True","train"
"C:\Users\Misha\Documents\GitHub\MyProject1\DB\images\images\oil_spot\img_08_3437011100_00687.jpg","oil_spot","5","5_youban","oil_spot","True","train"
"C:\Users\Misha\Documents\GitHub\MyProject1\DB\images\images\oil_spot\img_08_3437011100_00694.jpg","oil_spot","5","5_youban","oil_spot","True","train"
"C:\Users\Misha\Documents\GitHub\MyProject1\DB\images\images\oil_spot\img_08_425391700_00089.jpg","oil_spot","5","5_youban","oil_spot","True","train"
"C:\Users\Misha\Documents\GitHub\MyProject1\DB\images\images\oil_spot\img_08_425391700_00179.jpg","oil_spot","5","5_youban","oil_spot","True","train"
"C:\Users\Misha\Documents\GitHub\MyProject1\DB\images\images\oil_spot\img_08_425391700_00181.jpg","oil_spot","5","5_youban","oil_spot","True","train"
"C:\Users\Misha\Documents\GitHub\MyProject1\DB\images\images\oil_spot\img_08_425391700_00182.jpg","oil_spot","5","5_youban","oil_spot","True","train"
"C:\Users\Misha\Documents\GitHub\MyProject1\DB\images\images\oil_spot\img_08_425391700_00183.jpg","oil_spot","5","5_youban","oil_spot","True","train"
"C:\Users\Misha\Documents\GitHub\MyProject1\DB\images\images\oil_spot\img_08_425391700_00184.jpg","oil_spot","5","5_youban","oil_spot","True","train"
"C:\Users\Misha\Documents\GitHub\MyProject1\DB\images\images\oil_spot\img_08_425391700_00185.jpg","oil_spot","5","5_youban","oil_spot","True","train"
"C:\Users\Misha\Documents\GitHub\MyProject1\DB\images\images\oil_spot\img_08_425391700_00187.jpg","oil_spot","5","5_youban","oil_spot","True","train"
"C:\Users\Misha\Documents\GitHub\MyProject1\DB\images\images\oil_spot\img_08_425391700_00189.jpg","oil_spot","5","5_youban","oil_spot","True","train"
"C:\Users\Misha\Documents\GitHub\MyProject1\DB\images\images\oil_spot\img_08_425391700_00191.jpg","oil_spot","5","5_youban","oil_spot","True","train"
"C:\Users\Misha\Documents\GitHub\MyProject1\DB\images\images\oil_spot\img_08_425506100_01047.jpg","oil_spot","5","5_youban","oil_spot","True","train"
"C:\Users\Misha\Documents\GitHub\MyProject1\DB\images\images\oil_spot\img_08_425506100_01049.jpg","oil_spot","5","5_youban","oil_spot","True","train"
"C:\Users\Misha\Documents\GitHub\MyProject1\DB\images\images\oil_spot\img_08_425506100_01051.jpg","oil_spot","5","5_youban","oil_spot","True","train"
"C:\Users\Misha\Documents\GitHub\MyProject1\DB\images\images\oil_spot\img_08_425506100_01053.jpg","oil_spot","5","5_youban","oil_spot","True","train"
"C:\Users\Misha\Documents\GitHub\MyProject1\DB\images\images\oil_spot\img_08_425508100_01398.jpg","oil_spot","5","5_youban","oil_spot","True","train"
"C:\Users\Misha\Documents\GitHub\MyProject1\DB\images\images\oil_spot\img_08_425508100_01618.jpg","oil_spot","5","5_youban","oil_spot","True","train"
"C:\Users\Misha\Documents\GitHub\MyProject1\DB\images\images\oil_spot\img_08_425508200_00046.jpg","oil_spot","5","5_youban","oil_spot","True","train"
"C:\Users\Misha\Documents\GitHub\MyProject1\DB\images\images\silk_spot\img_03_4406645900_00009.jpg","oil_spot","5","5_youban","silk_spot","False","train"
"C:\Users\Misha\Documents\GitHub\MyProject1\DB\images\images\silk_spot\img_03_4406645900_00017.jpg","oil_spot","5","5_youban","silk_spot","False","train"
"C:\Users\Misha\Documents\GitHub\MyProject1\DB\images\images\water_spot\img_02_4403465900_00026.jpg","oil_spot","5","5_youban","water_spot","False","train"
"C:\Users\Misha\Documents\GitHub\MyProject1\DB\images\images\water_spot\img_02_4403465900_00034.jpg","oil_spot","5","5_youban","water_spot","False","train"
"C:\Users\Misha\Documents\GitHub\MyProject1\DB\images\images\water_spot\img_02_4403465900_00043.jpg","oil_spot","5","5_youban","water_spot","False","train"
"C:\Users\Misha\Documents\GitHub\MyProject1\DB\images\images\water_spot\img_02_4403466000_00011.jpg","oil_spot","5","5_youban","water_spot","False","train"
"C:\Users\Misha\Documents\GitHub\MyProject1\DB\images\images\water_spot\img_02_4403466100_00004.jpg","oil_spot","5","5_youban","water_spot","False","train"
"C:\Users\Misha\Documents\GitHub\MyProject1\DB\images\images\water_spot\img_02_4403466100_00011.jpg","oil_spot","5","5_youban","water_spot","False","train"
"C:\Users\Misha\Documents\GitHub\MyProject1\DB\images\images\water_spot\img_02_4403466100_00013.jpg","oil_spot","5","5_youban","water_spot","False","train"
"C:\Users\Misha\Documents\GitHub\MyProject1\DB\images\images\water_spot\img_02_4403466200_00005.jpg","oil_spot","5","5_youban","water_spot","False","train"
"C:\Users\Misha\Documents\GitHub\MyProject1\DB\images\images\water_spot\img_02_4403466200_00006.jpg","oil_spot","5","5_youban","water_spot","False","train"
"C:\Users\Misha\Documents\GitHub\MyProject1\DB\images\images\water_spot\img_02_4403466500_00010.jpg","oil_spot","5","5_youban","water_spot","False","train"
"C:\Users\Misha\Documents\GitHub\MyProject1\DB\images\images\water_spot\img_02_4403466500_00019.jpg","oil_spot","5","5_youban","water_spot","False","train"
"C:\Users\Misha\Documents\GitHub\MyProject1\DB\images\images\water_spot\img_02_4403466500_00023.jpg","oil_spot","5","5_youban","water_spot","False","train"
"C:\Users\Misha\Documents\GitHub\MyProject1\DB\images\images\water_spot\img_02_4403466600_00003.jpg","oil_spot","5","5_youban","water_spot","False","train"
"C:\Users\Misha\Documents\GitHub\MyProject1\DB\images\images\water_spot\img_02_4403466600_00004.jpg","oil_spot","5","5_youban","water_spot","False","train"
"C:\Users\Misha\Documents\GitHub\MyProject1\DB\images\images\water_spot\img_02_4403466600_00014.jpg","oil_spot","5","5_youban","water_spot","False","train"
"C:\Users\Misha\Documents\GitHub\MyProject1\DB\images\images\water_spot\img_02_4403466600_00019.jpg","oil_spot","5","5_youban","water_spot","False","train"
"C:\Users\Misha\Documents\GitHub\MyProject1\DB\images\images\water_spot\img_02_4403466700_00010.jpg","oil_spot","5","5_youban","water_spot","False","train"
"C:\Users\Misha\Documents\GitHub\MyProject1\DB\images\images\water_spot\img_02_4403466700_00014.jpg","oil_spot","5","5_youban","water_spot","False","train"
"C:\Users\Misha\Documents\GitHub\MyProject1\DB\images\images\water_spot\img_02_4403466900_00011.jpg","oil_spot","5","5_youban","water_spot","False","train"
"C:\Users\Misha\Documents\GitHub\MyProject1\DB\images\images\water_spot\img_02_4403466900_00012.jpg","oil_spot","5","5_youban","water_spot","False","train"
"C:\Users\Misha\Documents\GitHub\MyProject1\DB\images\images\water_spot\img_02_4406446700_00001.jpg","oil_spot","5","5_youban","water_spot","False","train"
"C:\Users\Misha\Documents\GitHub\MyProject1\DB\images\images\water_spot\img_03_4403466600_00018.jpg","oil_spot","5","5_youban","water_spot","False","train"
"C:\Users\Misha\Documents\GitHub\MyProject1\DB\images\images\inclusion\img_02_4406645900_00288.jpg","silk_spot","6","6_siban","inclusion","False","train"
"C:\Users\Misha\Documents\GitHub\MyProject1\DB\images\images\inclusion\img_02_4406645900_00339.jpg","silk_spot","6","6_siban","inclusion","False","train"
"C:\Users\Misha\Documents\GitHub\MyProject1\DB\images\images\inclusion\img_03_4406645900_00298.jpg","silk_spot","6","6_siban","inclusion","False","train"
"C:\Users\Misha\Documents\GitHub\MyProject1\DB\images\images\inclusion\img_04_425380400_00732.jpg","silk_spot","6","6_siban","inclusion","False","train"
"C:\Users\Misha\Documents\GitHub\MyProject1\DB\images\images\silk_spot\img_01_3436814600_00259.jpg","silk_spot","6","6_siban","silk_spot","True","train"
"C:\Users\Misha\Documents\GitHub\MyProject1\DB\images\images\silk_spot\img_01_3436815300_00473.jpg","silk_spot","6","6_siban","silk_spot","True","train"
"C:\Users\Misha\Documents\GitHub\MyProject1\DB\images\images\silk_spot\img_01_3436815300_00477.jpg","silk_spot","6","6_siban","silk_spot","True","train"
"C:\Users\Misha\Documents\GitHub\MyProject1\DB\images\images\silk_spot\img_01_3436815300_00478.jpg","silk_spot","6","6_siban","silk_spot","True","train"
"C:\Users\Misha\Documents\GitHub\MyProject1\DB\images\images\silk_spot\img_01_425005700_00154.jpg","silk_spot","6","6_siban","silk_spot","True","train"
"C:\Users\Misha\Documents\GitHub\MyProject1\DB\images\images\silk_spot\img_01_425005700_00159.jpg","silk_spot","6","6_siban","silk_spot","True","train"
"C:\Users\Misha\Documents\GitHub\MyProject1\DB\images\images\silk_spot\img_01_425005700_00163.jpg","silk_spot","6","6_siban","silk_spot","True","train"
"C:\Users\Misha\Documents\GitHub\MyProject1\DB\images\images\silk_spot\img_01_425005700_00164.jpg","silk_spot","6","6_siban","silk_spot","True","train"
"C:\Users\Misha\Documents\GitHub\MyProject1\DB\images\images\silk_spot\img_01_425005700_00168.jpg","silk_spot","6","6_siban","silk_spot","True","train"
"C:\Users\Misha\Documents\GitHub\MyProject1\DB\images\images\silk_spot\img_01_425005700_00172.jpg","silk_spot","6","6_siban","silk_spot","True","train"
"C:\Users\Misha\Documents\GitHub\MyProject1\DB\images\images\silk_spot\img_01_425005700_00175.jpg","silk_spot","6","6_siban","silk_spot","True","train"
"C:\Users\Misha\Documents\GitHub\MyProject1\DB\images\images\silk_spot\img_01_425005700_00176.jpg","silk_spot","6","6_siban","silk_spot","True","train"
"C:\Users\Misha\Documents\GitHub\MyProject1\DB\images\images\silk_spot\img_01_425005700_00181.jpg","silk_spot","6","6_siban","silk_spot","True","train"
"C:\Users\Misha\Documents\GitHub\MyProject1\DB\images\images\silk_spot\img_01_425005700_00183.jpg","silk_spot","6","6_siban","silk_spot","True","train"
"C:\Users\Misha\Documents\GitHub\MyProject1\DB\images\images\silk_spot\img_01_425005700_00189.jpg","silk_spot","6","6_siban","silk_spot","True","train"
"C:\Users\Misha\Documents\GitHub\MyProject1\DB\images\images\silk_spot\img_01_425005700_00191.jpg","silk_spot","6","6_siban","silk_spot","True","train"
"C:\Users\Misha\Documents\GitHub\MyProject1\DB\images\images\silk_spot\img_01_425005700_00194.jpg","silk_spot","6","6_siban","silk_spot","True","train"
"C:\Users\Misha\Documents\GitHub\MyProject1\DB\images\images\silk_spot\img_01_425005700_00196.jpg","silk_spot","6","6_siban","silk_spot","True","train"
"C:\Users\Misha\Documents\GitHub\MyProject1\DB\images\images\silk_spot\img_01_425005700_00197.jpg","silk_spot","6","6_siban","silk_spot","True","train"
"C:\Users\Misha\Documents\GitHub\MyProject1\DB\images\images\silk_spot\img_01_425005700_00199.jpg","silk_spot","6","6_siban","silk_spot","True","train"
"C:\Users\Misha\Documents\GitHub\MyProject1\DB\images\images\silk_spot\img_01_425005700_00201.jpg","silk_spot","6","6_siban","silk_spot","True","train"
"C:\Users\Misha\Documents\GitHub\MyProject1\DB\images\images\silk_spot\img_01_425005700_00203.jpg","silk_spot","6","6_siban","silk_spot","True","train"
"C:\Users\Misha\Documents\GitHub\MyProject1\DB\images\images\silk_spot\img_01_425005700_00205.jpg","silk_spot","6","6_siban","silk_spot","True","train"
"C:\Users\Misha\Documents\GitHub\MyProject1\DB\images\images\silk_spot\img_01_425005700_00207.jpg","silk_spot","6","6_siban","silk_spot","True","train"
"C:\Users\Misha\Documents\GitHub\MyProject1\DB\images\images\silk_spot\img_01_425005700_00208.jpg","silk_spot","6","6_siban","silk_spot","True","train"
"C:\Users\Misha\Documents\GitHub\MyProject1\DB\images\images\silk_spot\img_01_425005700_00211.jpg","silk_spot","6","6_siban","silk_spot","True","train"
"C:\Users\Misha\Documents\GitHub\MyProject1\DB\images\images\silk_spot\img_01_425005700_00221.jpg","silk_spot","6","6_siban","silk_spot","True","train"
"C:\Users\Misha\Documents\GitHub\MyProject1\DB\images\images\silk_spot\img_01_425005700_00223.jpg","silk_spot","6","6_siban","silk_spot","True","train"
"C:\Users\Misha\Documents\GitHub\MyProject1\DB\images\images\silk_spot\img_01_425005700_00233.jpg","silk_spot","6","6_siban","silk_spot","True","train"
"C:\Users\Misha\Documents\GitHub\MyProject1\DB\images\images\silk_spot\img_01_425005700_00239.jpg","silk_spot","6","6_siban","silk_spot","True","train"
"C:\Users\Misha\Documents\GitHub\MyProject1\DB\images\images\silk_spot\img_01_425005700_00240.jpg","silk_spot","6","6_siban","silk_spot","True","train"
"C:\Users\Misha\Documents\GitHub\MyProject1\DB\images\images\silk_spot\img_01_425005700_00246.jpg","silk_spot","6","6_siban","silk_spot","True","train"
"C:\Users\Misha\Documents\GitHub\MyProject1\DB\images\images\silk_spot\img_01_425005700_00253.jpg","silk_spot","6","6_siban","silk_spot","True","train"
"C:\Users\Misha\Documents\GitHub\MyProject1\DB\images\images\silk_spot\img_01_425005700_00255.jpg","silk_spot","6","6_siban","silk_spot","True","train"
"C:\Users\Misha\Documents\GitHub\MyProject1\DB\images\images\silk_spot\img_01_425005700_00258.jpg","silk_spot","6","6_siban","silk_spot","True","train"
"C:\Users\Misha\Documents\GitHub\MyProject1\DB\images\images\silk_spot\img_01_425005700_00266.jpg","silk_spot","6","6_siban","silk_spot","True","train"
"C:\Users\Misha\Documents\GitHub\MyProject1\DB\images\images\silk_spot\img_01_425005700_00270.jpg","silk_spot","6","6_siban","silk_spot","True","train"
"C:\Users\Misha\Documents\GitHub\MyProject1\DB\images\images\silk_spot\img_01_425005700_00279.jpg","silk_spot","6","6_siban","silk_spot","True","train"
"C:\Users\Misha\Documents\GitHub\MyProject1\DB\images\images\silk_spot\img_01_425005700_00283.jpg","silk_spot","6","6_siban","silk_spot","True","train"
"C:\Users\Misha\Documents\GitHub\MyProject1\DB\images\images\silk_spot\img_01_425005700_00285.jpg","silk_spot","6","6_siban","silk_spot","True","train"
"C:\Users\Misha\Documents\GitHub\MyProject1\DB\images\images\silk_spot\img_01_425005700_00287.jpg","silk_spot","6","6_siban","silk_spot","True","train"
"C:\Users\Misha\Documents\GitHub\MyProject1\DB\images\images\silk_spot\img_01_425005700_00289.jpg","silk_spot","6","6_siban","silk_spot","True","train"
"C:\Users\Misha\Documents\GitHub\MyProject1\DB\images\images\silk_spot\img_01_425005700_00291.jpg","silk_spot","6","6_siban","silk_spot","True","train"
"C:\Users\Misha\Documents\GitHub\MyProject1\DB\images\images\silk_spot\img_01_425005700_00297.jpg","silk_spot","6","6_siban","silk_spot","True","train"
"C:\Users\Misha\Documents\GitHub\MyProject1\DB\images\images\silk_spot\img_01_425005700_00298.jpg","silk_spot","6","6_siban","silk_spot","True","train"
"C:\Users\Misha\Documents\GitHub\MyProject1\DB\images\images\silk_spot\img_01_425005700_00300.jpg","silk_spot","6","6_siban","silk_spot","True","train"
"C:\Users\Misha\Documents\GitHub\MyProject1\DB\images\images\silk_spot\img_01_425005700_00304.jpg","silk_spot","6","6_siban","silk_spot","True","train"
"C:\Users\Misha\Documents\GitHub\MyProject1\DB\images\images\silk_spot\img_01_425005700_00307.jpg","silk_spot","6","6_siban","silk_spot","True","train"
"C:\Users\Misha\Documents\GitHub\MyProject1\DB\images\images\silk_spot\img_01_425005700_00309.jpg","silk_spot","6","6_siban","silk_spot","True","train"
"C:\Users\Misha\Documents\GitHub\MyProject1\DB\images\images\silk_spot\img_01_425005700_00310.jpg","silk_spot","6","6_siban","silk_spot","True","train"
"C:\Users\Misha\Documents\GitHub\MyProject1\DB\images\images\silk_spot\img_01_425005700_00312.jpg","silk_spot","6","6_siban","silk_spot","True","train"
"C:\Users\Misha\Documents\GitHub\MyProject1\DB\images\images\silk_spot\img_01_425005700_00313.jpg","silk_spot","6","6_siban","silk_spot","True","train"
"C:\Users\Misha\Documents\GitHub\MyProject1\DB\images\images\silk_spot\img_01_425005700_00314.jpg","silk_spot","6","6_siban","silk_spot","True","train"
"C:\Users\Misha\Documents\GitHub\MyProject1\DB\images\images\silk_spot\img_01_425005700_00317.jpg","silk_spot","6","6_siban","silk_spot","True","train"
"C:\Users\Misha\Documents\GitHub\MyProject1\DB\images\images\silk_spot\img_01_425005700_00320.jpg","silk_spot","6","6_siban","silk_spot","True","train"
"C:\Users\Misha\Documents\GitHub\MyProject1\DB\images\images\silk_spot\img_01_425005700_00321.jpg","silk_spot","6","6_siban","silk_spot","True","train"
"C:\Users\Misha\Documents\GitHub\MyProject1\DB\images\images\silk_spot\img_01_425005700_00322.jpg","silk_spot","6","6_siban","silk_spot","True","train"
"C:\Users\Misha\Documents\GitHub\MyProject1\DB\images\images\silk_spot\img_01_425005700_00326.jpg","silk_spot","6","6_siban","silk_spot","True","train"
"C:\Users\Misha\Documents\GitHub\MyProject1\DB\images\images\silk_spot\img_01_425005700_00327.jpg","silk_spot","6","6_siban","silk_spot","True","train"
"C:\Users\Misha\Documents\GitHub\MyProject1\DB\images\images\silk_spot\img_01_425005700_00328.jpg","silk_spot","6","6_siban","silk_spot","True","train"
"C:\Users\Misha\Documents\GitHub\MyProject1\DB\images\images\silk_spot\img_01_425005700_00333.jpg","silk_spot","6","6_siban","silk_spot","True","train"
"C:\Users\Misha\Documents\GitHub\MyProject1\DB\images\images\silk_spot\img_01_425005700_00335.jpg","silk_spot","6","6_siban","silk_spot","True","train"
"C:\Users\Misha\Documents\GitHub\MyProject1\DB\images\images\silk_spot\img_01_425005700_00337.jpg","silk_spot","6","6_siban","silk_spot","True","train"
"C:\Users\Misha\Documents\GitHub\MyProject1\DB\images\images\silk_spot\img_01_425005700_00342.jpg","silk_spot","6","6_siban","silk_spot","True","train"
"C:\Users\Misha\Documents\GitHub\MyProject1\DB\images\images\silk_spot\img_01_425005700_00354.jpg","silk_spot","6","6_siban","silk_spot","True","train"
"C:\Users\Misha\Documents\GitHub\MyProject1\DB\images\images\silk_spot\img_01_425005700_00362.jpg","silk_spot","6","6_siban","silk_spot","True","train"
"C:\Users\Misha\Documents\GitHub\MyProject1\DB\images\images\silk_spot\img_01_425005700_00371.jpg","silk_spot","6","6_siban","silk_spot","True","train"
"C:\Users\Misha\Documents\GitHub\MyProject1\DB\images\images\silk_spot\img_01_425005700_00377.jpg","silk_spot","6","6_siban","silk_spot","True","train"
"C:\Users\Misha\Documents\GitHub\MyProject1\DB\images\images\silk_spot\img_01_425005700_00378.jpg","silk_spot","6","6_siban","silk_spot","True","train"
"C:\Users\Misha\Documents\GitHub\MyProject1\DB\images\images\silk_spot\img_01_425005700_00379.jpg","silk_spot","6","6_siban","silk_spot","True","train"
"C:\Users\Misha\Documents\GitHub\MyProject1\DB\images\images\silk_spot\img_01_425005700_00381.jpg","silk_spot","6","6_siban","silk_spot","True","train"
"C:\Users\Misha\Documents\GitHub\MyProject1\DB\images\images\silk_spot\img_01_425005700_00384.jpg","silk_spot","6","6_siban","silk_spot","True","train"
"C:\Users\Misha\Documents\GitHub\MyProject1\DB\images\images\silk_spot\img_01_425005700_00395.jpg","silk_spot","6","6_siban","silk_spot","True","train"
"C:\Users\Misha\Documents\GitHub\MyProject1\DB\images\images\silk_spot\img_01_425005700_00398.jpg","silk_spot","6","6_siban","silk_spot","True","train"
"C:\Users\Misha\Documents\GitHub\MyProject1\DB\images\images\silk_spot\img_01_425005700_00404.jpg","silk_spot","6","6_siban","silk_spot","True","train"
"C:\Users\Misha\Documents\GitHub\MyProject1\DB\images\images\silk_spot\img_01_425005700_00406.jpg","silk_spot","6","6_siban","silk_spot","True","train"
"C:\Users\Misha\Documents\GitHub\MyProject1\DB\images\images\silk_spot\img_01_425005700_00409.jpg","silk_spot","6","6_siban","silk_spot","True","train"
"C:\Users\Misha\Documents\GitHub\MyProject1\DB\images\images\silk_spot\img_01_425005700_00410.jpg","silk_spot","6","6_siban","silk_spot","True","train"
"C:\Users\Misha\Documents\GitHub\MyProject1\DB\images\images\silk_spot\img_01_425005700_00440.jpg","silk_spot","6","6_siban","silk_spot","True","train"
"C:\Users\Misha\Documents\GitHub\MyProject1\DB\images\images\silk_spot\img_01_425005700_00441.jpg","silk_spot","6","6_siban","silk_spot","True","train"
"C:\Users\Misha\Documents\GitHub\MyProject1\DB\images\images\silk_spot\img_01_425005700_00442.jpg","silk_spot","6","6_siban","silk_spot","True","train"
"C:\Users\Misha\Documents\GitHub\MyProject1\DB\images\images\silk_spot\img_01_425005700_00446.jpg","silk_spot","6","6_siban","silk_spot","True","train"
"C:\Users\Misha\Documents\GitHub\MyProject1\DB\images\images\silk_spot\img_01_425005700_00451.jpg","silk_spot","6","6_siban","silk_spot","True","train"
"C:\Users\Misha\Documents\GitHub\MyProject1\DB\images\images\silk_spot\img_01_425005700_00453.jpg","silk_spot","6","6_siban","silk_spot","True","train"
"C:\Users\Misha\Documents\GitHub\MyProject1\DB\images\images\silk_spot\img_01_425005700_00463.jpg","silk_spot","6","6_siban","silk_spot","True","train"
"C:\Users\Misha\Documents\GitHub\MyProject1\DB\images\images\silk_spot\img_01_425005700_00464.jpg","silk_spot","6","6_siban","silk_spot","True","train"
"C:\Users\Misha\Documents\GitHub\MyProject1\DB\images\images\silk_spot\img_01_425005700_00465.jpg","silk_spot","6","6_siban","silk_spot","True","train"
"C:\Users\Misha\Documents\GitHub\MyProject1\DB\images\images\silk_spot\img_01_425005700_00467.jpg","silk_spot","6","6_siban","silk_spot","True","train"
"C:\Users\Misha\Documents\GitHub\MyProject1\DB\images\images\silk_spot\img_01_425005700_00468.jpg","silk_spot","6","6_siban","silk_spot","True","train"
"C:\Users\Misha\Documents\GitHub\MyProject1\DB\images\images\silk_spot\img_01_425005700_00469.jpg","silk_spot","6","6_siban","silk_spot","True","train"
"C:\Users\Misha\Documents\GitHub\MyProject1\DB\images\images\silk_spot\img_01_425005700_00470.jpg","silk_spot","6","6_siban","silk_spot","True","train"
"C:\Users\Misha\Documents\GitHub\MyProject1\DB\images\images\silk_spot\img_01_425005700_00485.jpg","silk_spot","6","6_siban","silk_spot","True","train"
"C:\Users\Misha\Documents\GitHub\MyProject1\DB\images\images\silk_spot\img_01_425005700_00487.jpg","silk_spot","6","6_siban","silk_spot","True","train"
"C:\Users\Misha\Documents\GitHub\MyProject1\DB\images\images\silk_spot\img_01_425005700_00490.jpg","silk_spot","6","6_siban","silk_spot","True","train"
"C:\Users\Misha\Documents\GitHub\MyProject1\DB\images\images\silk_spot\img_01_425005700_00497.jpg","silk_spot","6","6_siban","silk_spot","True","train"
"C:\Users\Misha\Documents\GitHub\MyProject1\DB\images\images\silk_spot\img_01_425005700_00500.jpg","silk_spot","6","6_siban","silk_spot","True","train"
"C:\Users\Misha\Documents\GitHub\MyProject1\DB\images\images\silk_spot\img_01_425005700_00506.jpg","silk_spot","6","6_siban","silk_spot","True","train"
"C:\Users\Misha\Documents\GitHub\MyProject1\DB\images\images\silk_spot\img_01_425005700_00555.jpg","silk_spot","6","6_siban","silk_spot","True","train"
"C:\Users\Misha\Documents\GitHub\MyProject1\DB\images\images\silk_spot\img_01_425005700_00565.jpg","silk_spot","6","6_siban","silk_spot","True","train"
"C:\Users\Misha\Documents\GitHub\MyProject1\DB\images\images\silk_spot\img_01_425243200_00439.jpg","silk_spot","6","6_siban","silk_spot","True","train"
"C:\Users\Misha\Documents\GitHub\MyProject1\DB\images\images\silk_spot\img_01_425243300_00467.jpg","silk_spot","6","6_siban","silk_spot","True","train"
"C:\Users\Misha\Documents\GitHub\MyProject1\DB\images\images\silk_spot\img_01_425243300_00542.jpg","silk_spot","6","6_siban","silk_spot","True","train"
"C:\Users\Misha\Documents\GitHub\MyProject1\DB\images\images\silk_spot\img_01_4406743300_00021.jpg","silk_spot","6","6_siban","silk_spot","True","train"
"C:\Users\Misha\Documents\GitHub\MyProject1\DB\images\images\silk_spot\img_01_4406743300_00159.jpg","silk_spot","6","6_siban","silk_spot","True","train"
"C:\Users\Misha\Documents\GitHub\MyProject1\DB\images\images\silk_spot\img_01_4406743300_00160.jpg","silk_spot","6","6_siban","silk_spot","True","train"
"C:\Users\Misha\Documents\GitHub\MyProject1\DB\images\images\silk_spot\img_01_4406743300_00166.jpg","silk_spot","6","6_siban","silk_spot","True","train"
"C:\Users\Misha\Documents\GitHub\MyProject1\DB\images\images\silk_spot\img_01_4406743300_00186.jpg","silk_spot","6","6_siban","silk_spot","True","train"
"C:\Users\Misha\Documents\GitHub\MyProject1\DB\images\images\silk_spot\img_01_4406743300_00192.jpg","silk_spot","6","6_siban","silk_spot","True","train"
"C:\Users\Misha\Documents\GitHub\MyProject1\DB\images\images\silk_spot\img_01_4406743300_00195.jpg","silk_spot","6","6_siban","silk_spot","True","train"
"C:\Users\Misha\Documents\GitHub\MyProject1\DB\images\images\silk_spot\img_01_4406743300_00223.jpg","silk_spot","6","6_siban","silk_spot","True","train"
"C:\Users\Misha\Documents\GitHub\MyProject1\DB\images\images\silk_spot\img_01_4406743300_00225.jpg","silk_spot","6","6_siban","silk_spot","True","train"
"C:\Users\Misha\Documents\GitHub\MyProject1\DB\images\images\silk_spot\img_01_4406743300_00307.jpg","silk_spot","6","6_siban","silk_spot","True","train"
"C:\Users\Misha\Documents\GitHub\MyProject1\DB\images\images\silk_spot\img_01_4406743300_00475.jpg","silk_spot","6","6_siban","silk_spot","True","train"
"C:\Users\Misha\Documents\GitHub\MyProject1\DB\images\images\silk_spot\img_01_4406743300_00637.jpg","silk_spot","6","6_siban","silk_spot","True","train"
"C:\Users\Misha\Documents\GitHub\MyProject1\DB\images\images\silk_spot\img_01_4406743300_00649.jpg","silk_spot","6","6_siban","silk_spot","True","train"
"C:\Users\Misha\Documents\GitHub\MyProject1\DB\images\images\silk_spot\img_01_4406743300_00797.jpg","silk_spot","6","6_siban","silk_spot","True","train"
"C:\Users\Misha\Documents\GitHub\MyProject1\DB\images\images\silk_spot\img_01_4406743300_00801.jpg","silk_spot","6","6_siban","silk_spot","True","train"
"C:\Users\Misha\Documents\GitHub\MyProject1\DB\images\images\silk_spot\img_01_4406743300_00804.jpg","silk_spot","6","6_siban","silk_spot","True","train"
"C:\Users\Misha\Documents\GitHub\MyProject1\DB\images\images\silk_spot\img_01_4406743300_00823.jpg","silk_spot","6","6_siban","silk_spot","True","train"
"C:\Users\Misha\Documents\GitHub\MyProject1\DB\images\images\silk_spot\img_01_SIS001522_00033.jpg","silk_spot","6","6_siban","silk_spot","True","train"
"C:\Users\Misha\Documents\GitHub\MyProject1\DB\images\images\silk_spot\img_01_SIS001577_00012.jpg","silk_spot","6","6_siban","silk_spot","True","train"
"C:\Users\Misha\Documents\GitHub\MyProject1\DB\images\images\silk_spot\img_01_SIS001577_00032.jpg","silk_spot","6","6_siban","silk_spot","True","train"
"C:\Users\Misha\Documents\GitHub\MyProject1\DB\images\images\silk_spot\img_01_SIS001577_00041.jpg","silk_spot","6","6_siban","silk_spot","True","train"
"C:\Users\Misha\Documents\GitHub\MyProject1\DB\images\images\silk_spot\img_01_SIS001577_00049.jpg","silk_spot","6","6_siban","silk_spot","True","train"
"C:\Users\Misha\Documents\GitHub\MyProject1\DB\images\images\silk_spot\img_02_3436786500_00071.jpg","silk_spot","6","6_siban","silk_spot","True","train"
"C:\Users\Misha\Documents\GitHub\MyProject1\DB\images\images\silk_spot\img_02_3436786500_00138.jpg","silk_spot","6","6_siban","silk_spot","True","train"
"C:\Users\Misha\Documents\GitHub\MyProject1\DB\images\images\silk_spot\img_02_3436786500_00140.jpg","silk_spot","6","6_siban","silk_spot","True","train"
"C:\Users\Misha\Documents\GitHub\MyProject1\DB\images\images\silk_spot\img_02_3436786500_00141.jpg","silk_spot","6","6_siban","silk_spot","True","train"
"C:\Users\Misha\Documents\GitHub\MyProject1\DB\images\images\silk_spot\img_02_3436786500_00142.jpg","silk_spot","6","6_siban","silk_spot","True","train"
"C:\Users\Misha\Documents\GitHub\MyProject1\DB\images\images\silk_spot\img_02_3436786500_00143.jpg","silk_spot","6","6_siban","silk_spot","True","train"
"C:\Users\Misha\Documents\GitHub\MyProject1\DB\images\images\silk_spot\img_02_3436789300_00908.jpg","silk_spot","6","6_siban","silk_spot","True","train"
"C:\Users\Misha\Documents\GitHub\MyProject1\DB\images\images\silk_spot\img_02_425243200_00115.jpg","silk_spot","6","6_siban","silk_spot","True","train"
"C:\Users\Misha\Documents\GitHub\MyProject1\DB\images\images\silk_spot\img_02_425243200_00536.jpg","silk_spot","6","6_siban","silk_spot","True","train"
"C:\Users\Misha\Documents\GitHub\MyProject1\DB\images\images\silk_spot\img_02_425243200_00561.jpg","silk_spot","6","6_siban","silk_spot","True","train"
"C:\Users\Misha\Documents\GitHub\MyProject1\DB\images\images\silk_spot\img_02_425243200_00563.jpg","silk_spot","6","6_siban","silk_spot","True","train"
"C:\Users\Misha\Documents\GitHub\MyProject1\DB\images\images\silk_spot\img_02_425243400_00044.jpg","silk_spot","6","6_siban","silk_spot","True","train"
"C:\Users\Misha\Documents\GitHub\MyProject1\DB\images\images\silk_spot\img_02_425243400_00057.jpg","silk_spot","6","6_siban","silk_spot","True","train"
"C:\Users\Misha\Documents\GitHub\MyProject1\DB\images\images\silk_spot\img_02_425505400_01038.jpg","silk_spot","6","6_siban","silk_spot","True","train"
"C:\Users\Misha\Documents\GitHub\MyProject1\DB\images\images\silk_spot\img_02_425508700_01045.jpg","silk_spot","6","6_siban","silk_spot","True","train"
"C:\Users\Misha\Documents\GitHub\MyProject1\DB\images\images\silk_spot\img_02_436152900_00532.jpg","silk_spot","6","6_siban","silk_spot","True","train"
"C:\Users\Misha\Documents\GitHub\MyProject1\DB\images\images\silk_spot\img_02_436152900_00533.jpg","silk_spot","6","6_siban","silk_spot","True","train"
"C:\Users\Misha\Documents\GitHub\MyProject1\DB\images\images\silk_spot\img_02_436152900_00542.jpg","silk_spot","6","6_siban","silk_spot","True","train"
"C:\Users\Misha\Documents\GitHub\MyProject1\DB\images\images\silk_spot\img_02_436152900_00547.jpg","silk_spot","6","6_siban","silk_spot","True","train"
"C:\Users\Misha\Documents\GitHub\MyProject1\DB\images\images\silk_spot\img_02_436152900_00559.jpg","silk_spot","6","6_siban","silk_spot","True","train"
"C:\Users\Misha\Documents\GitHub\MyProject1\DB\images\images\silk_spot\img_02_436152900_00563.jpg","silk_spot","6","6_siban","silk_spot","True","train"
"C:\Users\Misha\Documents\GitHub\MyProject1\DB\images\images\silk_spot\img_02_436153600_00658.jpg","silk_spot","6","6_siban","silk_spot","True","train"
"C:\Users\Misha\Documents\GitHub\MyProject1\DB\images\images\silk_spot\img_02_436153600_00659.jpg","silk_spot","6","6_siban","silk_spot","True","train"
"C:\Users\Misha\Documents\GitHub\MyProject1\DB\images\images\silk_spot\img_02_436153600_00661.jpg","silk_spot","6","6_siban","silk_spot","True","train"
"C:\Users\Misha\Documents\GitHub\MyProject1\DB\images\images\silk_spot\img_02_436153600_00662.jpg","silk_spot","6","6_siban","silk_spot","True","train"
"C:\Users\Misha\Documents\GitHub\MyProject1\DB\images\images\silk_spot\img_02_436153600_00663.jpg","silk_spot","6","6_siban","silk_spot","True","train"
"C:\Users\Misha\Documents\GitHub\MyProject1\DB\images\images\silk_spot\img_02_436153600_00669.jpg","silk_spot","6","6_siban","silk_spot","True","train"
"C:\Users\Misha\Documents\GitHub\MyProject1\DB\images\images\silk_spot\img_02_436153600_00671.jpg","silk_spot","6","6_siban","silk_spot","True","train"
"C:\Users\Misha\Documents\GitHub\MyProject1\DB\images\images\silk_spot\img_02_436153600_00681.jpg","silk_spot","6","6_siban","silk_spot","True","train"
"C:\Users\Misha\Documents\GitHub\MyProject1\DB\images\images\silk_spot\img_02_436153600_00682.jpg","silk_spot","6","6_siban","silk_spot","True","train"
"C:\Users\Misha\Documents\GitHub\MyProject1\DB\images\images\silk_spot\img_02_436153600_00684.jpg","silk_spot","6","6_siban","silk_spot","True","train"
"C:\Users\Misha\Documents\GitHub\MyProject1\DB\images\images\silk_spot\img_02_436153600_00686.jpg","silk_spot","6","6_siban","silk_spot","True","train"
"C:\Users\Misha\Documents\GitHub\MyProject1\DB\images\images\silk_spot\img_02_436153600_00689.jpg","silk_spot","6","6_siban","silk_spot","True","train"
"C:\Users\Misha\Documents\GitHub\MyProject1\DB\images\images\silk_spot\img_02_436153600_00691.jpg","silk_spot","6","6_siban","silk_spot","True","train"
"C:\Users\Misha\Documents\GitHub\MyProject1\DB\images\images\silk_spot\img_02_436153600_00693.jpg","silk_spot","6","6_siban","silk_spot","True","train"
"C:\Users\Misha\Documents\GitHub\MyProject1\DB\images\images\silk_spot\img_02_436153600_00696.jpg","silk_spot","6","6_siban","silk_spot","True","train"
"C:\Users\Misha\Documents\GitHub\MyProject1\DB\images\images\silk_spot\img_02_436153600_00697.jpg","silk_spot","6","6_siban","silk_spot","True","train"
"C:\Users\Misha\Documents\GitHub\MyProject1\DB\images\images\silk_spot\img_02_436153600_00698.jpg","silk_spot","6","6_siban","silk_spot","True","train"
"C:\Users\Misha\Documents\GitHub\MyProject1\DB\images\images\silk_spot\img_02_436153600_00699.jpg","silk_spot","6","6_siban","silk_spot","True","train"
"C:\Users\Misha\Documents\GitHub\MyProject1\DB\images\images\silk_spot\img_02_436153600_00705.jpg","silk_spot","6","6_siban","silk_spot","True","train"
"C:\Users\Misha\Documents\GitHub\MyProject1\DB\images\images\silk_spot\img_02_436153600_00709.jpg","silk_spot","6","6_siban","silk_spot","True","train"
"C:\Users\Misha\Documents\GitHub\MyProject1\DB\images\images\silk_spot\img_02_436153600_00747.jpg","silk_spot","6","6_siban","silk_spot","True","train"
"C:\Users\Misha\Documents\GitHub\MyProject1\DB\images\images\silk_spot\img_02_436184600_00775.jpg","silk_spot","6","6_siban","silk_spot","True","train"
"C:\Users\Misha\Documents\GitHub\MyProject1\DB\images\images\silk_spot\img_02_436184600_00779.jpg","silk_spot","6","6_siban","silk_spot","True","train"
"C:\Users\Misha\Documents\GitHub\MyProject1\DB\images\images\silk_spot\img_02_4404580600_00661.jpg","silk_spot","6","6_siban","silk_spot","True","train"
"C:\Users\Misha\Documents\GitHub\MyProject1\DB\images\images\silk_spot\img_02_4406562900_00755.jpg","silk_spot","6","6_siban","silk_spot","True","train"
"C:\Users\Misha\Documents\GitHub\MyProject1\DB\images\images\silk_spot\img_02_4406645900_00304.jpg","silk_spot","6","6_siban","silk_spot","True","train"
"C:\Users\Misha\Documents\GitHub\MyProject1\DB\images\images\silk_spot\img_02_4406645900_00310.jpg","silk_spot","6","6_siban","silk_spot","True","train"
"C:\Users\Misha\Documents\GitHub\MyProject1\DB\images\images\silk_spot\img_02_4406645900_00565.jpg","silk_spot","6","6_siban","silk_spot","True","train"
"C:\Users\Misha\Documents\GitHub\MyProject1\DB\images\images\silk_spot\img_02_4406645900_00894.jpg","silk_spot","6","6_siban","silk_spot","True","train"
"C:\Users\Misha\Documents\GitHub\MyProject1\DB\images\images\silk_spot\img_02_SIS001491_00257.jpg","silk_spot","6","6_siban","silk_spot","True","train"
"C:\Users\Misha\Documents\GitHub\MyProject1\DB\images\images\silk_spot\img_02_SIS001491_00261.jpg","silk_spot","6","6_siban","silk_spot","True","train"
"C:\Users\Misha\Documents\GitHub\MyProject1\DB\images\images\silk_spot\img_02_SIS001491_00267.jpg","silk_spot","6","6_siban","silk_spot","True","train"
"C:\Users\Misha\Documents\GitHub\MyProject1\DB\images\images\silk_spot\img_02_SIS001491_00280.jpg","silk_spot","6","6_siban","silk_spot","True","train"
"C:\Users\Misha\Documents\GitHub\MyProject1\DB\images\images\silk_spot\img_02_SIS001491_00289.jpg","silk_spot","6","6_siban","silk_spot","True","train"
"C:\Users\Misha\Documents\GitHub\MyProject1\DB\images\images\silk_spot\img_02_SIS001522_00004.jpg","silk_spot","6","6_siban","silk_spot","True","train"
"C:\Users\Misha\Documents\GitHub\MyProject1\DB\images\images\silk_spot\img_02_SIS001522_00007.jpg","silk_spot","6","6_siban","silk_spot","True","train"
"C:\Users\Misha\Documents\GitHub\MyProject1\DB\images\images\silk_spot\img_02_SIS001522_00026.jpg","silk_spot","6","6_siban","silk_spot","True","train"
"C:\Users\Misha\Documents\GitHub\MyProject1\DB\images\images\silk_spot\img_02_SIS001522_00036.jpg","silk_spot","6","6_siban","silk_spot","True","train"
"C:\Users\Misha\Documents\GitHub\MyProject1\DB\images\images\silk_spot\img_02_SIS001522_00568.jpg","silk_spot","6","6_siban","silk_spot","True","train"
"C:\Users\Misha\Documents\GitHub\MyProject1\DB\images\images\silk_spot\img_02_SIS001533_00164.jpg","silk_spot","6","6_siban","silk_spot","True","train"
"C:\Users\Misha\Documents\GitHub\MyProject1\DB\images\images\silk_spot\img_02_SIS001533_00311.jpg","silk_spot","6","6_siban","silk_spot","True","train"
"C:\Users\Misha\Documents\GitHub\MyProject1\DB\images\images\silk_spot\img_02_SIS001561_01227.jpg","silk_spot","6","6_siban","silk_spot","True","train"
"C:\Users\Misha\Documents\GitHub\MyProject1\DB\images\images\silk_spot\img_02_SIS001561_01413.jpg","silk_spot","6","6_siban","silk_spot","True","train"
"C:\Users\Misha\Documents\GitHub\MyProject1\DB\images\images\silk_spot\img_02_SIS001564_01335.jpg","silk_spot","6","6_siban","silk_spot","True","train"
"C:\Users\Misha\Documents\GitHub\MyProject1\DB\images\images\silk_spot\img_02_SIS001577_00072.jpg","silk_spot","6","6_siban","silk_spot","True","train"
"C:\Users\Misha\Documents\GitHub\MyProject1\DB\images\images\silk_spot\img_03_3436786500_00071.jpg","silk_spot","6","6_siban","silk_spot","True","train"
"C:\Users\Misha\Documents\GitHub\MyProject1\DB\images\images\silk_spot\img_03_425243200_00116.jpg","silk_spot","6","6_siban","silk_spot","True","train"
"C:\Users\Misha\Documents\GitHub\MyProject1\DB\images\images\silk_spot\img_03_425243400_00061.jpg","silk_spot","6","6_siban","silk_spot","True","train"
"C:\Users\Misha\Documents\GitHub\MyProject1\DB\images\images\silk_spot\img_03_425505400_01015.jpg","silk_spot","6","6_siban","silk_spot","True","train"
"C:\Users\Misha\Documents\GitHub\MyProject1\DB\images\images\silk_spot\img_03_425505400_01021.jpg","silk_spot","6","6_siban","silk_spot","True","train"
"C:\Users\Misha\Documents\GitHub\MyProject1\DB\images\images\silk_spot\img_03_425505400_01033.jpg","silk_spot","6","6_siban","silk_spot","True","train"
"C:\Users\Misha\Documents\GitHub\MyProject1\DB\images\images\silk_spot\img_03_425508300_00320.jpg","silk_spot","6","6_siban","silk_spot","True","train"
"C:\Users\Misha\Documents\GitHub\MyProject1\DB\images\images\silk_spot\img_03_425508400_00378.jpg","silk_spot","6","6_siban","silk_spot","True","train"
"C:\Users\Misha\Documents\GitHub\MyProject1\DB\images\images\silk_spot\img_03_436150300_00317.jpg","silk_spot","6","6_siban","silk_spot","True","train"
"C:\Users\Misha\Documents\GitHub\MyProject1\DB\images\images\silk_spot\img_03_436150300_00318.jpg","silk_spot","6","6_siban","silk_spot","True","train"
"C:\Users\Misha\Documents\GitHub\MyProject1\DB\images\images\silk_spot\img_03_436150300_00320.jpg","silk_spot","6","6_siban","silk_spot","True","train"
"C:\Users\Misha\Documents\GitHub\MyProject1\DB\images\images\silk_spot\img_03_436150300_00328.jpg","silk_spot","6","6_siban","silk_spot","True","train"
"C:\Users\Misha\Documents\GitHub\MyProject1\DB\images\images\silk_spot\img_03_436150300_00329.jpg","silk_spot","6","6_siban","silk_spot","True","train"
"C:\Users\Misha\Documents\GitHub\MyProject1\DB\images\images\silk_spot\img_03_436150300_00330.jpg","silk_spot","6","6_siban","silk_spot","True","train"
"C:\Users\Misha\Documents\GitHub\MyProject1\DB\images\images\silk_spot\img_03_436150300_00373.jpg","silk_spot","6","6_siban","silk_spot","True","train"
"C:\Users\Misha\Documents\GitHub\MyProject1\DB\images\images\silk_spot\img_03_436152900_00524.jpg","silk_spot","6","6_siban","silk_spot","True","train"
"C:\Users\Misha\Documents\GitHub\MyProject1\DB\images\images\silk_spot\img_03_436152900_00525.jpg","silk_spot","6","6_siban","silk_spot","True","train"
"C:\Users\Misha\Documents\GitHub\MyProject1\DB\images\images\silk_spot\img_03_436152900_00529.jpg","silk_spot","6","6_siban","silk_spot","True","train"
"C:\Users\Misha\Documents\GitHub\MyProject1\DB\images\images\silk_spot\img_03_436152900_00557.jpg","silk_spot","6","6_siban","silk_spot","True","train"
"C:\Users\Misha\Documents\GitHub\MyProject1\DB\images\images\silk_spot\img_03_436152900_00582.jpg","silk_spot","6","6_siban","silk_spot","True","train"
"C:\Users\Misha\Documents\GitHub\MyProject1\DB\images\images\silk_spot\img_03_436152900_00585.jpg","silk_spot","6","6_siban","silk_spot","True","train"
"C:\Users\Misha\Documents\GitHub\MyProject1\DB\images\images\silk_spot\img_03_436152900_00593.jpg","silk_spot","6","6_siban","silk_spot","True","train"
"C:\Users\Misha\Documents\GitHub\MyProject1\DB\images\images\silk_spot\img_03_436152900_00605.jpg","silk_spot","6","6_siban","silk_spot","True","train"
"C:\Users\Misha\Documents\GitHub\MyProject1\DB\images\images\silk_spot\img_03_436153600_00680.jpg","silk_spot","6","6_siban","silk_spot","True","train"
"C:\Users\Misha\Documents\GitHub\MyProject1\DB\images\images\silk_spot\img_03_436184600_00773.jpg","silk_spot","6","6_siban","silk_spot","True","train"
"C:\Users\Misha\Documents\GitHub\MyProject1\DB\images\images\silk_spot\img_03_436184600_00776.jpg","silk_spot","6","6_siban","silk_spot","True","train"
"C:\Users\Misha\Documents\GitHub\MyProject1\DB\images\images\silk_spot\img_03_436184600_00779.jpg","silk_spot","6","6_siban","silk_spot","True","train"
"C:\Users\Misha\Documents\GitHub\MyProject1\DB\images\images\silk_spot\img_03_436184600_00782.jpg","silk_spot","6","6_siban","silk_spot","True","train"
"C:\Users\Misha\Documents\GitHub\MyProject1\DB\images\images\silk_spot\img_03_436184600_00786.jpg","silk_spot","6","6_siban","silk_spot","True","train"
"C:\Users\Misha\Documents\GitHub\MyProject1\DB\images\images\silk_spot\img_03_436184600_00792.jpg","silk_spot","6","6_siban","silk_spot","True","train"
"C:\Users\Misha\Documents\GitHub\MyProject1\DB\images\images\silk_spot\img_03_436184600_00793.jpg","silk_spot","6","6_siban","silk_spot","True","train"
"C:\Users\Misha\Documents\GitHub\MyProject1\DB\images\images\silk_spot\img_03_436184600_00794.jpg","silk_spot","6","6_siban","silk_spot","True","train"
"C:\Users\Misha\Documents\GitHub\MyProject1\DB\images\images\silk_spot\img_03_436184600_00795.jpg","silk_spot","6","6_siban","silk_spot","True","train"
"C:\Users\Misha\Documents\GitHub\MyProject1\DB\images\images\silk_spot\img_03_436184600_00800.jpg","silk_spot","6","6_siban","silk_spot","True","train"
"C:\Users\Misha\Documents\GitHub\MyProject1\DB\images\images\silk_spot\img_03_4404580600_00513.jpg","silk_spot","6","6_siban","silk_spot","True","train"
"C:\Users\Misha\Documents\GitHub\MyProject1\DB\images\images\silk_spot\img_03_4404580600_00527.jpg","silk_spot","6","6_siban","silk_spot","True","train"
"C:\Users\Misha\Documents\GitHub\MyProject1\DB\images\images\silk_spot\img_03_4406645900_00364.jpg","silk_spot","6","6_siban","silk_spot","True","train"
"C:\Users\Misha\Documents\GitHub\MyProject1\DB\images\images\silk_spot\img_03_4406645900_00407.jpg","silk_spot","6","6_siban","silk_spot","True","train"
"C:\Users\Misha\Documents\GitHub\MyProject1\DB\images\images\silk_spot\img_03_4406645900_00418.jpg","silk_spot","6","6_siban","silk_spot","True","train"
"C:\Users\Misha\Documents\GitHub\MyProject1\DB\images\images\silk_spot\img_03_4406645900_00454.jpg","silk_spot","6","6_siban","silk_spot","True","train"
"C:\Users\Misha\Documents\GitHub\MyProject1\DB\images\images\silk_spot\img_03_4406645900_00542.jpg","silk_spot","6","6_siban","silk_spot","True","train"
"C:\Users\Misha\Documents\GitHub\MyProject1\DB\images\images\silk_spot\img_03_4406645900_00544.jpg","silk_spot","6","6_siban","silk_spot","True","train"
"C:\Users\Misha\Documents\GitHub\MyProject1\DB\images\images\silk_spot\img_03_SIS001491_00285.jpg","silk_spot","6","6_siban","silk_spot","True","train"
"C:\Users\Misha\Documents\GitHub\MyProject1\DB\images\images\silk_spot\img_03_SIS001494_00049.jpg","silk_spot","6","6_siban","silk_spot","True","train"
"C:\Users\Misha\Documents\GitHub\MyProject1\DB\images\images\silk_spot\img_03_SIS001533_00310.jpg","silk_spot","6","6_siban","silk_spot","True","train"
"C:\Users\Misha\Documents\GitHub\MyProject1\DB\images\images\silk_spot\img_03_SIS001533_00329.jpg","silk_spot","6","6_siban","silk_spot","True","train"
"C:\Users\Misha\Documents\GitHub\MyProject1\DB\images\images\silk_spot\img_03_SIS001577_00019.jpg","silk_spot","6","6_siban","silk_spot","True","train"
"C:\Users\Misha\Documents\GitHub\MyProject1\DB\images\images\silk_spot\img_04_425005700_00169.jpg","silk_spot","6","6_siban","silk_spot","True","train"
"C:\Users\Misha\Documents\GitHub\MyProject1\DB\images\images\silk_spot\img_04_425243200_00438.jpg","silk_spot","6","6_siban","silk_spot","True","train"
"C:\Users\Misha\Documents\GitHub\MyProject1\DB\images\images\silk_spot\img_04_425243200_00562.jpg","silk_spot","6","6_siban","silk_spot","True","train"
"C:\Users\Misha\Documents\GitHub\MyProject1\DB\images\images\silk_spot\img_04_425243200_00566.jpg","silk_spot","6","6_siban","silk_spot","True","train"
"C:\Users\Misha\Documents\GitHub\MyProject1\DB\images\images\silk_spot\img_04_425243200_00567.jpg","silk_spot","6","6_siban","silk_spot","True","train"
"C:\Users\Misha\Documents\GitHub\MyProject1\DB\images\images\silk_spot\img_04_4406645900_00543.jpg","silk_spot","6","6_siban","silk_spot","True","train"
"C:\Users\Misha\Documents\GitHub\MyProject1\DB\images\images\silk_spot\img_04_4406645900_00678.jpg","silk_spot","6","6_siban","silk_spot","True","train"
"C:\Users\Misha\Documents\GitHub\MyProject1\DB\images\images\silk_spot\img_04_4406645900_00763.jpg","silk_spot","6","6_siban","silk_spot","True","train"
"C:\Users\Misha\Documents\GitHub\MyProject1\DB\images\images\silk_spot\img_04_4406645900_00808.jpg","silk_spot","6","6_siban","silk_spot","True","train"
"C:\Users\Misha\Documents\GitHub\MyProject1\DB\images\images\silk_spot\img_04_4406645900_00824.jpg","silk_spot","6","6_siban","silk_spot","True","train"
"C:\Users\Misha\Documents\GitHub\MyProject1\DB\images\images\silk_spot\img_04_4406645900_00857.jpg","silk_spot","6","6_siban","silk_spot","True","train"
"C:\Users\Misha\Documents\GitHub\MyProject1\DB\images\images\silk_spot\img_04_4406743300_00003.jpg","silk_spot","6","6_siban","silk_spot","True","train"
"C:\Users\Misha\Documents\GitHub\MyProject1\DB\images\images\silk_spot\img_04_4406743300_00004.jpg","silk_spot","6","6_siban","silk_spot","True","train"
"C:\Users\Misha\Documents\GitHub\MyProject1\DB\images\images\silk_spot\img_04_4406743300_00005.jpg","silk_spot","6","6_siban","silk_spot","True","train"
"C:\Users\Misha\Documents\GitHub\MyProject1\DB\images\images\silk_spot\img_04_4406743300_00277.jpg","silk_spot","6","6_siban","silk_spot","True","train"
"C:\Users\Misha\Documents\GitHub\MyProject1\DB\images\images\silk_spot\img_04_4406743300_00592.jpg","silk_spot","6","6_siban","silk_spot","True","train"
"C:\Users\Misha\Documents\GitHub\MyProject1\DB\images\images\silk_spot\img_04_4406743300_00780.jpg","silk_spot","6","6_siban","silk_spot","True","train"
"C:\Users\Misha\Documents\GitHub\MyProject1\DB\images\images\silk_spot\img_04_SIS001577_00009.jpg","silk_spot","6","6_siban","silk_spot","True","train"
"C:\Users\Misha\Documents\GitHub\MyProject1\DB\images\images\silk_spot\img_04_SIS001577_00010.jpg","silk_spot","6","6_siban","silk_spot","True","train"
"C:\Users\Misha\Documents\GitHub\MyProject1\DB\images\images\silk_spot\img_04_SIS001577_00012.jpg","silk_spot","6","6_siban","silk_spot","True","train"
"C:\Users\Misha\Documents\GitHub\MyProject1\DB\images\images\silk_spot\img_04_SIS001577_00040.jpg","silk_spot","6","6_siban","silk_spot","True","train"
"C:\Users\Misha\Documents\GitHub\MyProject1\DB\images\images\silk_spot\img_04_SIS001577_00045.jpg","silk_spot","6","6_siban","silk_spot","True","train"
"C:\Users\Misha\Documents\GitHub\MyProject1\DB\images\images\silk_spot\img_04_SIS001577_00052.jpg","silk_spot","6","6_siban","silk_spot","True","train"
"C:\Users\Misha\Documents\GitHub\MyProject1\DB\images\images\silk_spot\img_05_4406645900_00038.jpg","silk_spot","6","6_siban","silk_spot","True","train"
"C:\Users\Misha\Documents\GitHub\MyProject1\DB\images\images\silk_spot\img_05_4406645900_00040.jpg","silk_spot","6","6_siban","silk_spot","True","train"
"C:\Users\Misha\Documents\GitHub\MyProject1\DB\images\images\silk_spot\img_05_4406645900_00042.jpg","silk_spot","6","6_siban","silk_spot","True","train"
"C:\Users\Misha\Documents\GitHub\MyProject1\DB\images\images\silk_spot\img_05_4406645900_00043.jpg","silk_spot","6","6_siban","silk_spot","True","train"
"C:\Users\Misha\Documents\GitHub\MyProject1\DB\images\images\silk_spot\img_05_4406645900_00044.jpg","silk_spot","6","6_siban","silk_spot","True","train"
"C:\Users\Misha\Documents\GitHub\MyProject1\DB\images\images\silk_spot\img_05_4406645900_00563.jpg","silk_spot","6","6_siban","silk_spot","True","train"
"C:\Users\Misha\Documents\GitHub\MyProject1\DB\images\images\silk_spot\img_05_4406645900_00585.jpg","silk_spot","6","6_siban","silk_spot","True","train"
"C:\Users\Misha\Documents\GitHub\MyProject1\DB\images\images\silk_spot\img_05_4406645900_00591.jpg","silk_spot","6","6_siban","silk_spot","True","train"
"C:\Users\Misha\Documents\GitHub\MyProject1\DB\images\images\silk_spot\img_05_4406743300_00373.jpg","silk_spot","6","6_siban","silk_spot","True","train"
"C:\Users\Misha\Documents\GitHub\MyProject1\DB\images\images\silk_spot\img_05_4406743300_00374.jpg","silk_spot","6","6_siban","silk_spot","True","train"
"C:\Users\Misha\Documents\GitHub\MyProject1\DB\images\images\silk_spot\img_05_4406743300_00390.jpg","silk_spot","6","6_siban","silk_spot","True","train"
"C:\Users\Misha\Documents\GitHub\MyProject1\DB\images\images\silk_spot\img_05_4406743300_00391.jpg","silk_spot","6","6_siban","silk_spot","True","train"
"C:\Users\Misha\Documents\GitHub\MyProject1\DB\images\images\silk_spot\img_05_4406743300_00405.jpg","silk_spot","6","6_siban","silk_spot","True","train"
"C:\Users\Misha\Documents\GitHub\MyProject1\DB\images\images\silk_spot\img_05_4406743300_00416.jpg","silk_spot","6","6_siban","silk_spot","True","train"
"C:\Users\Misha\Documents\GitHub\MyProject1\DB\images\images\silk_spot\img_05_4406743300_00419.jpg","silk_spot","6","6_siban","silk_spot","True","train"
"C:\Users\Misha\Documents\GitHub\MyProject1\DB\images\images\silk_spot\img_05_4406743300_00420.jpg","silk_spot","6","6_siban","silk_spot","True","train"
"C:\Users\Misha\Documents\GitHub\MyProject1\DB\images\images\silk_spot\img_05_4406743300_00423.jpg","silk_spot","6","6_siban","silk_spot","True","train"
"C:\Users\Misha\Documents\GitHub\MyProject1\DB\images\images\silk_spot\img_05_4406743300_00427.jpg","silk_spot","6","6_siban","silk_spot","True","train"
"C:\Users\Misha\Documents\GitHub\MyProject1\DB\images\images\silk_spot\img_05_4406743300_00436.jpg","silk_spot","6","6_siban","silk_spot","True","train"
"C:\Users\Misha\Documents\GitHub\MyProject1\DB\images\images\silk_spot\img_05_4406743300_00447.jpg","silk_spot","6","6_siban","silk_spot","True","train"
"C:\Users\Misha\Documents\GitHub\MyProject1\DB\images\images\silk_spot\img_05_4406743300_00478.jpg","silk_spot","6","6_siban","silk_spot","True","train"
"C:\Users\Misha\Documents\GitHub\MyProject1\DB\images\images\silk_spot\img_05_4406743300_00480.jpg","silk_spot","6","6_siban","silk_spot","True","train"
"C:\Users\Misha\Documents\GitHub\MyProject1\DB\images\images\silk_spot\img_05_4406743300_00482.jpg","silk_spot","6","6_siban","silk_spot","True","train"
"C:\Users\Misha\Documents\GitHub\MyProject1\DB\images\images\silk_spot\img_05_4406743300_00486.jpg","silk_spot","6","6_siban","silk_spot","True","train"
"C:\Users\Misha\Documents\GitHub\MyProject1\DB\images\images\silk_spot\img_05_4406743300_00487.jpg","silk_spot","6","6_siban","silk_spot","True","train"
"C:\Users\Misha\Documents\GitHub\MyProject1\DB\images\images\silk_spot\img_05_4406743300_00499.jpg","silk_spot","6","6_siban","silk_spot","True","train"
"C:\Users\Misha\Documents\GitHub\MyProject1\DB\images\images\silk_spot\img_05_4406743300_00520.jpg","silk_spot","6","6_siban","silk_spot","True","train"
"C:\Users\Misha\Documents\GitHub\MyProject1\DB\images\images\silk_spot\img_05_4406743300_00523.jpg","silk_spot","6","6_siban","silk_spot","True","train"
"C:\Users\Misha\Documents\GitHub\MyProject1\DB\images\images\silk_spot\img_05_4406743300_00535.jpg","silk_spot","6","6_siban","silk_spot","True","train"
"C:\Users\Misha\Documents\GitHub\MyProject1\DB\images\images\silk_spot\img_05_4406743300_00555.jpg","silk_spot","6","6_siban","silk_spot","True","train"
"C:\Users\Misha\Documents\GitHub\MyProject1\DB\images\images\silk_spot\img_05_4406743300_00562.jpg","silk_spot","6","6_siban","silk_spot","True","train"
"C:\Users\Misha\Documents\GitHub\MyProject1\DB\images\images\silk_spot\img_05_4406743300_00564.jpg","silk_spot","6","6_siban","silk_spot","True","train"
"C:\Users\Misha\Documents\GitHub\MyProject1\DB\images\images\silk_spot\img_05_4406743300_00568.jpg","silk_spot","6","6_siban","silk_spot","True","train"
"C:\Users\Misha\Documents\GitHub\MyProject1\DB\images\images\silk_spot\img_05_4406743300_00570.jpg","silk_spot","6","6_siban","silk_spot","True","train"
"C:\Users\Misha\Documents\GitHub\MyProject1\DB\images\images\silk_spot\img_05_4406743300_00608.jpg","silk_spot","6","6_siban","silk_spot","True","train"
"C:\Users\Misha\Documents\GitHub\MyProject1\DB\images\images\silk_spot\img_05_4406743300_00614.jpg","silk_spot","6","6_siban","silk_spot","True","train"
"C:\Users\Misha\Documents\GitHub\MyProject1\DB\images\images\silk_spot\img_05_4406743300_00615.jpg","silk_spot","6","6_siban","silk_spot","True","train"
"C:\Users\Misha\Documents\GitHub\MyProject1\DB\images\images\silk_spot\img_05_4406743300_00627.jpg","silk_spot","6","6_siban","silk_spot","True","train"
"C:\Users\Misha\Documents\GitHub\MyProject1\DB\images\images\silk_spot\img_05_4406743300_00687.jpg","silk_spot","6","6_siban","silk_spot","True","train"
"C:\Users\Misha\Documents\GitHub\MyProject1\DB\images\images\silk_spot\img_05_4406743300_00849.jpg","silk_spot","6","6_siban","silk_spot","True","train"
"C:\Users\Misha\Documents\GitHub\MyProject1\DB\images\images\silk_spot\img_05_4406743300_00913.jpg","silk_spot","6","6_siban","silk_spot","True","train"
"C:\Users\Misha\Documents\GitHub\MyProject1\DB\images\images\silk_spot\img_06_3436814300_00050.jpg","silk_spot","6","6_siban","silk_spot","True","train"
"C:\Users\Misha\Documents\GitHub\MyProject1\DB\images\images\silk_spot\img_06_425243200_00116.jpg","silk_spot","6","6_siban","silk_spot","True","train"
"C:\Users\Misha\Documents\GitHub\MyProject1\DB\images\images\silk_spot\img_06_4406645900_00303.jpg","silk_spot","6","6_siban","silk_spot","True","train"
"C:\Users\Misha\Documents\GitHub\MyProject1\DB\images\images\silk_spot\img_06_4406645900_00312.jpg","silk_spot","6","6_siban","silk_spot","True","train"
"C:\Users\Misha\Documents\GitHub\MyProject1\DB\images\images\silk_spot\img_06_4406645900_00449.jpg","silk_spot","6","6_siban","silk_spot","True","train"
"C:\Users\Misha\Documents\GitHub\MyProject1\DB\images\images\silk_spot\img_06_4406645900_00475.jpg","silk_spot","6","6_siban","silk_spot","True","train"
"C:\Users\Misha\Documents\GitHub\MyProject1\DB\images\images\silk_spot\img_06_4406645900_00477.jpg","silk_spot","6","6_siban","silk_spot","True","train"
"C:\Users\Misha\Documents\GitHub\MyProject1\DB\images\images\silk_spot\img_06_4406645900_00479.jpg","silk_spot","6","6_siban","silk_spot","True","train"
"C:\Users\Misha\Documents\GitHub\MyProject1\DB\images\images\silk_spot\img_06_4406645900_00480.jpg","silk_spot","6","6_siban","silk_spot","True","train"
"C:\Users\Misha\Documents\GitHub\MyProject1\DB\images\images\silk_spot\img_06_4406645900_00485.jpg","silk_spot","6","6_siban","silk_spot","True","train"
"C:\Users\Misha\Documents\GitHub\MyProject1\DB\images\images\silk_spot\img_06_4406645900_00490.jpg","silk_spot","6","6_siban","silk_spot","True","train"
"C:\Users\Misha\Documents\GitHub\MyProject1\DB\images\images\silk_spot\img_06_4406645900_00493.jpg","silk_spot","6","6_siban","silk_spot","True","train"
"C:\Users\Misha\Documents\GitHub\MyProject1\DB\images\images\silk_spot\img_06_4406645900_00494.jpg","silk_spot","6","6_siban","silk_spot","True","train"
"C:\Users\Misha\Documents\GitHub\MyProject1\DB\images\images\silk_spot\img_06_4406645900_00498.jpg","silk_spot","6","6_siban","silk_spot","True","train"
"C:\Users\Misha\Documents\GitHub\MyProject1\DB\images\images\silk_spot\img_06_4406645900_00501.jpg","silk_spot","6","6_siban","silk_spot","True","train"
"C:\Users\Misha\Documents\GitHub\MyProject1\DB\images\images\silk_spot\img_06_4406743300_00023.jpg","silk_spot","6","6_siban","silk_spot","True","train"
"C:\Users\Misha\Documents\GitHub\MyProject1\DB\images\images\silk_spot\img_06_4406743300_00033.jpg","silk_spot","6","6_siban","silk_spot","True","train"
"C:\Users\Misha\Documents\GitHub\MyProject1\DB\images\images\silk_spot\img_06_4406743300_00036.jpg","silk_spot","6","6_siban","silk_spot","True","train"
"C:\Users\Misha\Documents\GitHub\MyProject1\DB\images\images\silk_spot\img_06_4406743300_00041.jpg","silk_spot","6","6_siban","silk_spot","True","train"
"C:\Users\Misha\Documents\GitHub\MyProject1\DB\images\images\silk_spot\img_06_4406743300_00042.jpg","silk_spot","6","6_siban","silk_spot","True","train"
"C:\Users\Misha\Documents\GitHub\MyProject1\DB\images\images\silk_spot\img_06_4406743300_00045.jpg","silk_spot","6","6_siban","silk_spot","True","train"
"C:\Users\Misha\Documents\GitHub\MyProject1\DB\images\images\silk_spot\img_06_4406743300_00066.jpg","silk_spot","6","6_siban","silk_spot","True","train"
"C:\Users\Misha\Documents\GitHub\MyProject1\DB\images\images\silk_spot\img_06_4406743300_00081.jpg","silk_spot","6","6_siban","silk_spot","True","train"
"C:\Users\Misha\Documents\GitHub\MyProject1\DB\images\images\silk_spot\img_06_4406743300_00082.jpg","silk_spot","6","6_siban","silk_spot","True","train"
"C:\Users\Misha\Documents\GitHub\MyProject1\DB\images\images\silk_spot\img_06_4406743300_00093.jpg","silk_spot","6","6_siban","silk_spot","True","train"
"C:\Users\Misha\Documents\GitHub\MyProject1\DB\images\images\silk_spot\img_06_4406743300_00094.jpg","silk_spot","6","6_siban","silk_spot","True","train"
"C:\Users\Misha\Documents\GitHub\MyProject1\DB\images\images\silk_spot\img_06_4406743300_00095.jpg","silk_spot","6","6_siban","silk_spot","True","train"
"C:\Users\Misha\Documents\GitHub\MyProject1\DB\images\images\silk_spot\img_06_4406743300_00096.jpg","silk_spot","6","6_siban","silk_spot","True","train"
"C:\Users\Misha\Documents\GitHub\MyProject1\DB\images\images\silk_spot\img_06_4406743300_00101.jpg","silk_spot","6","6_siban","silk_spot","True","train"
"C:\Users\Misha\Documents\GitHub\MyProject1\DB\images\images\silk_spot\img_07_424714400_00008.jpg","silk_spot","6","6_siban","silk_spot","True","train"
"C:\Users\Misha\Documents\GitHub\MyProject1\DB\images\images\silk_spot\img_07_424714400_00011.jpg","silk_spot","6","6_siban","silk_spot","True","train"
"C:\Users\Misha\Documents\GitHub\MyProject1\DB\images\images\silk_spot\img_07_425243200_00001.jpg","silk_spot","6","6_siban","silk_spot","True","train"
"C:\Users\Misha\Documents\GitHub\MyProject1\DB\images\images\silk_spot\img_07_425243200_00005.jpg","silk_spot","6","6_siban","silk_spot","True","train"
"C:\Users\Misha\Documents\GitHub\MyProject1\DB\images\images\silk_spot\img_07_4404580600_00507.jpg","silk_spot","6","6_siban","silk_spot","True","train"
"C:\Users\Misha\Documents\GitHub\MyProject1\DB\images\images\silk_spot\img_07_4406645900_00017.jpg","silk_spot","6","6_siban","silk_spot","True","train"
"C:\Users\Misha\Documents\GitHub\MyProject1\DB\images\images\silk_spot\img_07_4406645900_00046.jpg","silk_spot","6","6_siban","silk_spot","True","train"
"C:\Users\Misha\Documents\GitHub\MyProject1\DB\images\images\silk_spot\img_07_4406645900_00145.jpg","silk_spot","6","6_siban","silk_spot","True","train"
"C:\Users\Misha\Documents\GitHub\MyProject1\DB\images\images\silk_spot\img_07_4406645900_00152.jpg","silk_spot","6","6_siban","silk_spot","True","train"
"C:\Users\Misha\Documents\GitHub\MyProject1\DB\images\images\silk_spot\img_07_4406645900_00154.jpg","silk_spot","6","6_siban","silk_spot","True","train"
"C:\Users\Misha\Documents\GitHub\MyProject1\DB\images\images\silk_spot\img_07_4406645900_00179.jpg","silk_spot","6","6_siban","silk_spot","True","train"
"C:\Users\Misha\Documents\GitHub\MyProject1\DB\images\images\silk_spot\img_07_4406645900_00502.jpg","silk_spot","6","6_siban","silk_spot","True","train"
"C:\Users\Misha\Documents\GitHub\MyProject1\DB\images\images\silk_spot\img_07_4406645900_00517.jpg","silk_spot","6","6_siban","silk_spot","True","train"
"C:\Users\Misha\Documents\GitHub\MyProject1\DB\images\images\silk_spot\img_07_4406645900_00518.jpg","silk_spot","6","6_siban","silk_spot","True","train"
"C:\Users\Misha\Documents\GitHub\MyProject1\DB\images\images\silk_spot\img_07_4406645900_00522.jpg","silk_spot","6","6_siban","silk_spot","True","train"
"C:\Users\Misha\Documents\GitHub\MyProject1\DB\images\images\silk_spot\img_07_4406645900_00523.jpg","silk_spot","6","6_siban","silk_spot","True","train"
"C:\Users\Misha\Documents\GitHub\MyProject1\DB\images\images\silk_spot\img_07_4406645900_00527.jpg","silk_spot","6","6_siban","silk_spot","True","train"
"C:\Users\Misha\Documents\GitHub\MyProject1\DB\images\images\silk_spot\img_07_4406645900_00530.jpg","silk_spot","6","6_siban","silk_spot","True","train"
"C:\Users\Misha\Documents\GitHub\MyProject1\DB\images\images\silk_spot\img_07_4406645900_00531.jpg","silk_spot","6","6_siban","silk_spot","True","train"
"C:\Users\Misha\Documents\GitHub\MyProject1\DB\images\images\silk_spot\img_07_4406645900_00539.jpg","silk_spot","6","6_siban","silk_spot","True","train"
"C:\Users\Misha\Documents\GitHub\MyProject1\DB\images\images\silk_spot\img_07_4406645900_00546.jpg","silk_spot","6","6_siban","silk_spot","True","train"
"C:\Users\Misha\Documents\GitHub\MyProject1\DB\images\images\silk_spot\img_07_4406645900_00559.jpg","silk_spot","6","6_siban","silk_spot","True","train"
"C:\Users\Misha\Documents\GitHub\MyProject1\DB\images\images\silk_spot\img_07_4406645900_00560.jpg","silk_spot","6","6_siban","silk_spot","True","train"
"C:\Users\Misha\Documents\GitHub\MyProject1\DB\images\images\silk_spot\img_07_4406645900_00581.jpg","silk_spot","6","6_siban","silk_spot","True","train"
"C:\Users\Misha\Documents\GitHub\MyProject1\DB\images\images\silk_spot\img_07_4406645900_00586.jpg","silk_spot","6","6_siban","silk_spot","True","train"
"C:\Users\Misha\Documents\GitHub\MyProject1\DB\images\images\silk_spot\img_07_4406645900_00587.jpg","silk_spot","6","6_siban","silk_spot","True","train"
"C:\Users\Misha\Documents\GitHub\MyProject1\DB\images\images\silk_spot\img_07_4406645900_00618.jpg","silk_spot","6","6_siban","silk_spot","True","train"
"C:\Users\Misha\Documents\GitHub\MyProject1\DB\images\images\silk_spot\img_07_4406645900_00620.jpg","silk_spot","6","6_siban","silk_spot","True","train"
"C:\Users\Misha\Documents\GitHub\MyProject1\DB\images\images\silk_spot\img_07_4406645900_00631.jpg","silk_spot","6","6_siban","silk_spot","True","train"
"C:\Users\Misha\Documents\GitHub\MyProject1\DB\images\images\silk_spot\img_07_4406645900_00639.jpg","silk_spot","6","6_siban","silk_spot","True","train"
"C:\Users\Misha\Documents\GitHub\MyProject1\DB\images\images\silk_spot\img_07_4406645900_00655.jpg","silk_spot","6","6_siban","silk_spot","True","train"
"C:\Users\Misha\Documents\GitHub\MyProject1\DB\images\images\silk_spot\img_07_4406645900_00660.jpg","silk_spot","6","6_siban","silk_spot","True","train"
"C:\Users\Misha\Documents\GitHub\MyProject1\DB\images\images\silk_spot\img_07_4406645900_00661.jpg","silk_spot","6","6_siban","silk_spot","True","train"
"C:\Users\Misha\Documents\GitHub\MyProject1\DB\images\images\silk_spot\img_07_4406645900_00687.jpg","silk_spot","6","6_siban","silk_spot","True","train"
"C:\Users\Misha\Documents\GitHub\MyProject1\DB\images\images\silk_spot\img_07_4406645900_00693.jpg","silk_spot","6","6_siban","silk_spot","True","train"
"C:\Users\Misha\Documents\GitHub\MyProject1\DB\images\images\silk_spot\img_07_4406645900_00716.jpg","silk_spot","6","6_siban","silk_spot","True","train"
"C:\Users\Misha\Documents\GitHub\MyProject1\DB\images\images\silk_spot\img_07_4406645900_00730.jpg","silk_spot","6","6_siban","silk_spot","True","train"
"C:\Users\Misha\Documents\GitHub\MyProject1\DB\images\images\silk_spot\img_07_4406645900_00740.jpg","silk_spot","6","6_siban","silk_spot","True","train"
"C:\Users\Misha\Documents\GitHub\MyProject1\DB\images\images\silk_spot\img_07_4406645900_00741.jpg","silk_spot","6","6_siban","silk_spot","True","train"
"C:\Users\Misha\Documents\GitHub\MyProject1\DB\images\images\silk_spot\img_07_4406645900_00746.jpg","silk_spot","6","6_siban","silk_spot","True","train"
"C:\Users\Misha\Documents\GitHub\MyProject1\DB\images\images\silk_spot\img_07_4406645900_00753.jpg","silk_spot","6","6_siban","silk_spot","True","train"
"C:\Users\Misha\Documents\GitHub\MyProject1\DB\images\images\silk_spot\img_07_4406645900_00771.jpg","silk_spot","6","6_siban","silk_spot","True","train"
"C:\Users\Misha\Documents\GitHub\MyProject1\DB\images\images\silk_spot\img_07_4406645900_00774.jpg","silk_spot","6","6_siban","silk_spot","True","train"
"C:\Users\Misha\Documents\GitHub\MyProject1\DB\images\images\silk_spot\img_07_4406645900_00781.jpg","silk_spot","6","6_siban","silk_spot","True","train"
"C:\Users\Misha\Documents\GitHub\MyProject1\DB\images\images\silk_spot\img_07_4406645900_00786.jpg","silk_spot","6","6_siban","silk_spot","True","train"
"C:\Users\Misha\Documents\GitHub\MyProject1\DB\images\images\silk_spot\img_07_4406645900_00792.jpg","silk_spot","6","6_siban","silk_spot","True","train"
"C:\Users\Misha\Documents\GitHub\MyProject1\DB\images\images\silk_spot\img_07_4406645900_00815.jpg","silk_spot","6","6_siban","silk_spot","True","train"
"C:\Users\Misha\Documents\GitHub\MyProject1\DB\images\images\silk_spot\img_07_4406645900_00829.jpg","silk_spot","6","6_siban","silk_spot","True","train"
"C:\Users\Misha\Documents\GitHub\MyProject1\DB\images\images\silk_spot\img_07_4406645900_00830.jpg","silk_spot","6","6_siban","silk_spot","True","train"
"C:\Users\Misha\Documents\GitHub\MyProject1\DB\images\images\silk_spot\img_07_4406645900_00842.jpg","silk_spot","6","6_siban","silk_spot","True","train"
"C:\Users\Misha\Documents\GitHub\MyProject1\DB\images\images\silk_spot\img_07_4406645900_00852.jpg","silk_spot","6","6_siban","silk_spot","True","train"
"C:\Users\Misha\Documents\GitHub\MyProject1\DB\images\images\silk_spot\img_07_4406645900_00877.jpg","silk_spot","6","6_siban","silk_spot","True","train"
"C:\Users\Misha\Documents\GitHub\MyProject1\DB\images\images\silk_spot\img_07_4406743300_00026.jpg","silk_spot","6","6_siban","silk_spot","True","train"
"C:\Users\Misha\Documents\GitHub\MyProject1\DB\images\images\silk_spot\img_07_4406743300_00027.jpg","silk_spot","6","6_siban","silk_spot","True","train"
"C:\Users\Misha\Documents\GitHub\MyProject1\DB\images\images\silk_spot\img_07_4406743300_00035.jpg","silk_spot","6","6_siban","silk_spot","True","train"
"C:\Users\Misha\Documents\GitHub\MyProject1\DB\images\images\silk_spot\img_07_4406743300_00037.jpg","silk_spot","6","6_siban","silk_spot","True","train"
"C:\Users\Misha\Documents\GitHub\MyProject1\DB\images\images\silk_spot\img_07_4406743300_00038.jpg","silk_spot","6","6_siban","silk_spot","True","train"
"C:\Users\Misha\Documents\GitHub\MyProject1\DB\images\images\silk_spot\img_07_4406743300_00040.jpg","silk_spot","6","6_siban","silk_spot","True","train"
"C:\Users\Misha\Documents\GitHub\MyProject1\DB\images\images\silk_spot\img_07_4406743300_00041.jpg","silk_spot","6","6_siban","silk_spot","True","train"
"C:\Users\Misha\Documents\GitHub\MyProject1\DB\images\images\silk_spot\img_07_4406743300_00045.jpg","silk_spot","6","6_siban","silk_spot","True","train"
"C:\Users\Misha\Documents\GitHub\MyProject1\DB\images\images\silk_spot\img_07_4406743300_00056.jpg","silk_spot","6","6_siban","silk_spot","True","train"
"C:\Users\Misha\Documents\GitHub\MyProject1\DB\images\images\silk_spot\img_07_4406743300_00060.jpg","silk_spot","6","6_siban","silk_spot","True","train"
"C:\Users\Misha\Documents\GitHub\MyProject1\DB\images\images\silk_spot\img_07_4406743300_00092.jpg","silk_spot","6","6_siban","silk_spot","True","train"
"C:\Users\Misha\Documents\GitHub\MyProject1\DB\images\images\silk_spot\img_07_4406743300_00095.jpg","silk_spot","6","6_siban","silk_spot","True","train"
"C:\Users\Misha\Documents\GitHub\MyProject1\DB\images\images\silk_spot\img_07_4406743300_00104.jpg","silk_spot","6","6_siban","silk_spot","True","train"
"C:\Users\Misha\Documents\GitHub\MyProject1\DB\images\images\silk_spot\img_07_4406743300_00112.jpg","silk_spot","6","6_siban","silk_spot","True","train"
"C:\Users\Misha\Documents\GitHub\MyProject1\DB\images\images\silk_spot\img_07_4406743300_00132.jpg","silk_spot","6","6_siban","silk_spot","True","train"
"C:\Users\Misha\Documents\GitHub\MyProject1\DB\images\images\silk_spot\img_08_3436815300_00019.jpg","silk_spot","6","6_siban","silk_spot","True","train"
"C:\Users\Misha\Documents\GitHub\MyProject1\DB\images\images\silk_spot\img_08_431854700_00034.jpg","silk_spot","6","6_siban","silk_spot","True","train"
"C:\Users\Misha\Documents\GitHub\MyProject1\DB\images\images\silk_spot\img_08_4406743300_00019.jpg","silk_spot","6","6_siban","silk_spot","True","train"
"C:\Users\Misha\Documents\GitHub\MyProject1\DB\images\images\silk_spot\img_08_4406743300_00374.jpg","silk_spot","6","6_siban","silk_spot","True","train"
"C:\Users\Misha\Documents\GitHub\MyProject1\DB\images\images\silk_spot\img_08_4406743300_00380.jpg","silk_spot","6","6_siban","silk_spot","True","train"
"C:\Users\Misha\Documents\GitHub\MyProject1\DB\images\images\silk_spot\img_08_4406743300_00381.jpg","silk_spot","6","6_siban","silk_spot","True","train"
"C:\Users\Misha\Documents\GitHub\MyProject1\DB\images\images\silk_spot\img_08_4406743300_00383.jpg","silk_spot","6","6_siban","silk_spot","True","train"
"C:\Users\Misha\Documents\GitHub\MyProject1\DB\images\images\silk_spot\img_08_4406743300_00384.jpg","silk_spot","6","6_siban","silk_spot","True","train"
"C:\Users\Misha\Documents\GitHub\MyProject1\DB\images\images\silk_spot\img_08_4406743300_00390.jpg","silk_spot","6","6_siban","silk_spot","True","train"
"C:\Users\Misha\Documents\GitHub\MyProject1\DB\images\images\silk_spot\img_08_4406743300_00391.jpg","silk_spot","6","6_siban","silk_spot","True","train"
"C:\Users\Misha\Documents\GitHub\MyProject1\DB\images\images\silk_spot\img_08_4406743300_00393.jpg","silk_spot","6","6_siban","silk_spot","True","train"
"C:\Users\Misha\Documents\GitHub\MyProject1\DB\images\images\silk_spot\img_08_4406743300_00395.jpg","silk_spot","6","6_siban","silk_spot","True","train"
"C:\Users\Misha\Documents\GitHub\MyProject1\DB\images\images\silk_spot\img_08_4406743300_00396.jpg","silk_spot","6","6_siban","silk_spot","True","train"
"C:\Users\Misha\Documents\GitHub\MyProject1\DB\images\images\silk_spot\img_08_4406743300_00400.jpg","silk_spot","6","6_siban","silk_spot","True","train"
"C:\Users\Misha\Documents\GitHub\MyProject1\DB\images\images\silk_spot\img_08_4406743300_00401.jpg","silk_spot","6","6_siban","silk_spot","True","train"
"C:\Users\Misha\Documents\GitHub\MyProject1\DB\images\images\silk_spot\img_08_4406743300_00408.jpg","silk_spot","6","6_siban","silk_spot","True","train"
"C:\Users\Misha\Documents\GitHub\MyProject1\DB\images\images\silk_spot\img_08_4406743300_00409.jpg","silk_spot","6","6_siban","silk_spot","True","train"
"C:\Users\Misha\Documents\GitHub\MyProject1\DB\images\images\silk_spot\img_08_4406743300_00410.jpg","silk_spot","6","6_siban","silk_spot","True","train"
"C:\Users\Misha\Documents\GitHub\MyProject1\DB\images\images\silk_spot\img_08_4406743300_00411.jpg","silk_spot","6","6_siban","silk_spot","True","train"
"C:\Users\Misha\Documents\GitHub\MyProject1\DB\images\images\silk_spot\img_08_4406743300_00412.jpg","silk_spot","6","6_siban","silk_spot","True","train"
"C:\Users\Misha\Documents\GitHub\MyProject1\DB\images\images\silk_spot\img_08_4406743300_00413.jpg","silk_spot","6","6_siban","silk_spot","True","train"
"C:\Users\Misha\Documents\GitHub\MyProject1\DB\images\images\silk_spot\img_08_4406743300_00414.jpg","silk_spot","6","6_siban","silk_spot","True","train"
"C:\Users\Misha\Documents\GitHub\MyProject1\DB\images\images\silk_spot\img_08_4406743300_00415.jpg","silk_spot","6","6_siban","silk_spot","True","train"
"C:\Users\Misha\Documents\GitHub\MyProject1\DB\images\images\silk_spot\img_08_4406743300_00416.jpg","silk_spot","6","6_siban","silk_spot","True","train"
"C:\Users\Misha\Documents\GitHub\MyProject1\DB\images\images\silk_spot\img_08_4406743300_00417.jpg","silk_spot","6","6_siban","silk_spot","True","train"
"C:\Users\Misha\Documents\GitHub\MyProject1\DB\images\images\silk_spot\img_08_4406743300_00420.jpg","silk_spot","6","6_siban","silk_spot","True","train"
"C:\Users\Misha\Documents\GitHub\MyProject1\DB\images\images\silk_spot\img_08_4406743300_00422.jpg","silk_spot","6","6_siban","silk_spot","True","train"
"C:\Users\Misha\Documents\GitHub\MyProject1\DB\images\images\silk_spot\img_08_4406743300_00425.jpg","silk_spot","6","6_siban","silk_spot","True","train"
"C:\Users\Misha\Documents\GitHub\MyProject1\DB\images\images\silk_spot\img_08_4406743300_00427.jpg","silk_spot","6","6_siban","silk_spot","True","train"
"C:\Users\Misha\Documents\GitHub\MyProject1\DB\images\images\silk_spot\img_08_4406743300_00428.jpg","silk_spot","6","6_siban","silk_spot","True","train"
"C:\Users\Misha\Documents\GitHub\MyProject1\DB\images\images\silk_spot\img_08_4406743300_00432.jpg","silk_spot","6","6_siban","silk_spot","True","train"
"C:\Users\Misha\Documents\GitHub\MyProject1\DB\images\images\silk_spot\img_08_4406743300_00433.jpg","silk_spot","6","6_siban","silk_spot","True","train"
"C:\Users\Misha\Documents\GitHub\MyProject1\DB\images\images\silk_spot\img_08_4406743300_00439.jpg","silk_spot","6","6_siban","silk_spot","True","train"
"C:\Users\Misha\Documents\GitHub\MyProject1\DB\images\images\silk_spot\img_08_4406743300_00444.jpg","silk_spot","6","6_siban","silk_spot","True","train"
"C:\Users\Misha\Documents\GitHub\MyProject1\DB\images\images\silk_spot\img_08_4406743300_00450.jpg","silk_spot","6","6_siban","silk_spot","True","train"
"C:\Users\Misha\Documents\GitHub\MyProject1\DB\images\images\silk_spot\img_08_4406743300_00453.jpg","silk_spot","6","6_siban","silk_spot","True","train"
"C:\Users\Misha\Documents\GitHub\MyProject1\DB\images\images\silk_spot\img_08_4406743300_00455.jpg","silk_spot","6","6_siban","silk_spot","True","train"
"C:\Users\Misha\Documents\GitHub\MyProject1\DB\images\images\silk_spot\img_08_4406743300_00456.jpg","silk_spot","6","6_siban","silk_spot","True","train"
"C:\Users\Misha\Documents\GitHub\MyProject1\DB\images\images\silk_spot\img_08_4406743300_00459.jpg","silk_spot","6","6_siban","silk_spot","True","train"
"C:\Users\Misha\Documents\GitHub\MyProject1\DB\images\images\silk_spot\img_08_4406743300_00461.jpg","silk_spot","6","6_siban","silk_spot","True","train"
"C:\Users\Misha\Documents\GitHub\MyProject1\DB\images\images\silk_spot\img_08_4406743300_00462.jpg","silk_spot","6","6_siban","silk_spot","True","train"
"C:\Users\Misha\Documents\GitHub\MyProject1\DB\images\images\silk_spot\img_08_4406743300_00463.jpg","silk_spot","6","6_siban","silk_spot","True","train"
"C:\Users\Misha\Documents\GitHub\MyProject1\DB\images\images\silk_spot\img_08_4406743300_00465.jpg","silk_spot","6","6_siban","silk_spot","True","train"
"C:\Users\Misha\Documents\GitHub\MyProject1\DB\images\images\silk_spot\img_08_4406743300_00466.jpg","silk_spot","6","6_siban","silk_spot","True","train"
"C:\Users\Misha\Documents\GitHub\MyProject1\DB\images\images\silk_spot\img_08_4406743300_00468.jpg","silk_spot","6","6_siban","silk_spot","True","train"
"C:\Users\Misha\Documents\GitHub\MyProject1\DB\images\images\silk_spot\img_08_4406743300_00470.jpg","silk_spot","6","6_siban","silk_spot","True","train"
"C:\Users\Misha\Documents\GitHub\MyProject1\DB\images\images\silk_spot\img_08_4406743300_00477.jpg","silk_spot","6","6_siban","silk_spot","True","train"
"C:\Users\Misha\Documents\GitHub\MyProject1\DB\images\images\silk_spot\img_08_4406743300_00481.jpg","silk_spot","6","6_siban","silk_spot","True","train"
"C:\Users\Misha\Documents\GitHub\MyProject1\DB\images\images\silk_spot\img_08_4406743300_00483.jpg","silk_spot","6","6_siban","silk_spot","True","train"
"C:\Users\Misha\Documents\GitHub\MyProject1\DB\images\images\silk_spot\img_08_4406743300_00486.jpg","silk_spot","6","6_siban","silk_spot","True","train"
"C:\Users\Misha\Documents\GitHub\MyProject1\DB\images\images\silk_spot\img_08_4406743300_00698.jpg","silk_spot","6","6_siban","silk_spot","True","train"
"C:\Users\Misha\Documents\GitHub\MyProject1\DB\images\images\silk_spot\img_08_4406743300_00699.jpg","silk_spot","6","6_siban","silk_spot","True","train"
"C:\Users\Misha\Documents\GitHub\MyProject1\DB\images\images\inclusion\img_01_425391700_00025.jpg","inclusion","7","7_yiwu","inclusion","True","train"
"C:\Users\Misha\Documents\GitHub\MyProject1\DB\images\images\inclusion\img_01_425392100_00886.jpg","inclusion","7","7_yiwu","inclusion","True","train"
"C:\Users\Misha\Documents\GitHub\MyProject1\DB\images\images\inclusion\img_02_3402617100_00366.jpg","inclusion","7","7_yiwu","inclusion","True","train"
"C:\Users\Misha\Documents\GitHub\MyProject1\DB\images\images\inclusion\img_02_3436816100_00148.jpg","inclusion","7","7_yiwu","inclusion","True","train"
"C:\Users\Misha\Documents\GitHub\MyProject1\DB\images\images\inclusion\img_02_3436816100_00150.jpg","inclusion","7","7_yiwu","inclusion","True","train"
"C:\Users\Misha\Documents\GitHub\MyProject1\DB\images\images\inclusion\img_02_3436816100_00152.jpg","inclusion","7","7_yiwu","inclusion","True","train"
"C:\Users\Misha\Documents\GitHub\MyProject1\DB\images\images\inclusion\img_02_3436816100_00153.jpg","inclusion","7","7_yiwu","inclusion","True","train"
"C:\Users\Misha\Documents\GitHub\MyProject1\DB\images\images\inclusion\img_02_424799300_00850.jpg","inclusion","7","7_yiwu","inclusion","True","train"
"C:\Users\Misha\Documents\GitHub\MyProject1\DB\images\images\inclusion\img_02_425383400_00358.jpg","inclusion","7","7_yiwu","inclusion","True","train"
"C:\Users\Misha\Documents\GitHub\MyProject1\DB\images\images\inclusion\img_02_425392000_00996.jpg","inclusion","7","7_yiwu","inclusion","True","train"
"C:\Users\Misha\Documents\GitHub\MyProject1\DB\images\images\inclusion\img_02_425392300_00834.jpg","inclusion","7","7_yiwu","inclusion","True","train"
"C:\Users\Misha\Documents\GitHub\MyProject1\DB\images\images\inclusion\img_02_425392400_00022.jpg","inclusion","7","7_yiwu","inclusion","True","train"
"C:\Users\Misha\Documents\GitHub\MyProject1\DB\images\images\inclusion\img_02_425501100_00688.jpg","inclusion","7","7_yiwu","inclusion","True","train"
"C:\Users\Misha\Documents\GitHub\MyProject1\DB\images\images\inclusion\img_02_425502300_00338.jpg","inclusion","7","7_yiwu","inclusion","True","train"
"C:\Users\Misha\Documents\GitHub\MyProject1\DB\images\images\inclusion\img_02_425508400_00141.jpg","inclusion","7","7_yiwu","inclusion","True","train"
"C:\Users\Misha\Documents\GitHub\MyProject1\DB\images\images\inclusion\img_02_425613800_00034.jpg","inclusion","7","7_yiwu","inclusion","True","train"
"C:\Users\Misha\Documents\GitHub\MyProject1\DB\images\images\inclusion\img_02_425646200_00634.jpg","inclusion","7","7_yiwu","inclusion","True","train"
"C:\Users\Misha\Documents\GitHub\MyProject1\DB\images\images\inclusion\img_02_4402623300_00028.jpg","inclusion","7","7_yiwu","inclusion","True","train"
"C:\Users\Misha\Documents\GitHub\MyProject1\DB\images\images\inclusion\img_03_3402617100_00124.jpg","inclusion","7","7_yiwu","inclusion","True","train"
"C:\Users\Misha\Documents\GitHub\MyProject1\DB\images\images\inclusion\img_03_3402617500_00138.jpg","inclusion","7","7_yiwu","inclusion","True","train"
"C:\Users\Misha\Documents\GitHub\MyProject1\DB\images\images\inclusion\img_03_424714400_00326.jpg","inclusion","7","7_yiwu","inclusion","True","train"
"C:\Users\Misha\Documents\GitHub\MyProject1\DB\images\images\inclusion\img_03_424714400_00327.jpg","inclusion","7","7_yiwu","inclusion","True","train"
"C:\Users\Misha\Documents\GitHub\MyProject1\DB\images\images\inclusion\img_03_424799300_00861.jpg","inclusion","7","7_yiwu","inclusion","True","train"
"C:\Users\Misha\Documents\GitHub\MyProject1\DB\images\images\inclusion\img_03_424799600_00382.jpg","inclusion","7","7_yiwu","inclusion","True","train"
"C:\Users\Misha\Documents\GitHub\MyProject1\DB\images\images\inclusion\img_03_425391800_00249.jpg","inclusion","7","7_yiwu","inclusion","True","train"
"C:\Users\Misha\Documents\GitHub\MyProject1\DB\images\images\inclusion\img_03_425501800_01100.jpg","inclusion","7","7_yiwu","inclusion","True","train"
"C:\Users\Misha\Documents\GitHub\MyProject1\DB\images\images\inclusion\img_03_425501800_01106.jpg","inclusion","7","7_yiwu","inclusion","True","train"
"C:\Users\Misha\Documents\GitHub\MyProject1\DB\images\images\inclusion\img_03_425501800_01130.jpg","inclusion","7","7_yiwu","inclusion","True","train"
"C:\Users\Misha\Documents\GitHub\MyProject1\DB\images\images\inclusion\img_03_425501800_01136.jpg","inclusion","7","7_yiwu","inclusion","True","train"
"C:\Users\Misha\Documents\GitHub\MyProject1\DB\images\images\inclusion\img_03_425501800_01142.jpg","inclusion","7","7_yiwu","inclusion","True","train"
"C:\Users\Misha\Documents\GitHub\MyProject1\DB\images\images\inclusion\img_03_425501800_01148.jpg","inclusion","7","7_yiwu","inclusion","True","train"
"C:\Users\Misha\Documents\GitHub\MyProject1\DB\images\images\inclusion\img_03_425501800_01154.jpg","inclusion","7","7_yiwu","inclusion","True","train"
"C:\Users\Misha\Documents\GitHub\MyProject1\DB\images\images\inclusion\img_03_425501800_01160.jpg","inclusion","7","7_yiwu","inclusion","True","train"
"C:\Users\Misha\Documents\GitHub\MyProject1\DB\images\images\inclusion\img_03_425501800_01166.jpg","inclusion","7","7_yiwu","inclusion","True","train"
"C:\Users\Misha\Documents\GitHub\MyProject1\DB\images\images\inclusion\img_03_425501800_01190.jpg","inclusion","7","7_yiwu","inclusion","True","train"
"C:\Users\Misha\Documents\GitHub\MyProject1\DB\images\images\inclusion\img_03_425501800_01196.jpg","inclusion","7","7_yiwu","inclusion","True","train"
"C:\Users\Misha\Documents\GitHub\MyProject1\DB\images\images\inclusion\img_03_425501800_01208.jpg","inclusion","7","7_yiwu","inclusion","True","train"
"C:\Users\Misha\Documents\GitHub\MyProject1\DB\images\images\inclusion\img_03_425503100_00066.jpg","inclusion","7","7_yiwu","inclusion","True","train"
"C:\Users\Misha\Documents\GitHub\MyProject1\DB\images\images\inclusion\img_03_425503100_00067.jpg","inclusion","7","7_yiwu","inclusion","True","train"
"C:\Users\Misha\Documents\GitHub\MyProject1\DB\images\images\inclusion\img_03_425503100_00068.jpg","inclusion","7","7_yiwu","inclusion","True","train"
"C:\Users\Misha\Documents\GitHub\MyProject1\DB\images\images\inclusion\img_03_425637500_00012.jpg","inclusion","7","7_yiwu","inclusion","True","train"
"C:\Users\Misha\Documents\GitHub\MyProject1\DB\images\images\inclusion\img_03_425644600_00004.jpg","inclusion","7","7_yiwu","inclusion","True","train"
"C:\Users\Misha\Documents\GitHub\MyProject1\DB\images\images\inclusion\img_03_425644600_00006.jpg","inclusion","7","7_yiwu","inclusion","True","train"
"C:\Users\Misha\Documents\GitHub\MyProject1\DB\images\images\inclusion\img_04_424714400_00324.jpg","inclusion","7","7_yiwu","inclusion","True","train"
"C:\Users\Misha\Documents\GitHub\MyProject1\DB\images\images\inclusion\img_04_425382600_00050.jpg","inclusion","7","7_yiwu","inclusion","True","train"
"C:\Users\Misha\Documents\GitHub\MyProject1\DB\images\images\inclusion\img_04_425503200_00019.jpg","inclusion","7","7_yiwu","inclusion","True","train"
"C:\Users\Misha\Documents\GitHub\MyProject1\DB\images\images\inclusion\img_04_4402622500_00355.jpg","inclusion","7","7_yiwu","inclusion","True","train"
"C:\Users\Misha\Documents\GitHub\MyProject1\DB\images\images\inclusion\img_04_4402622500_00362.jpg","inclusion","7","7_yiwu","inclusion","True","train"
"C:\Users\Misha\Documents\GitHub\MyProject1\DB\images\images\inclusion\img_04_4402622500_00371.jpg","inclusion","7","7_yiwu","inclusion","True","train"
"C:\Users\Misha\Documents\GitHub\MyProject1\DB\images\images\inclusion\img_04_4402622500_00373.jpg","inclusion","7","7_yiwu","inclusion","True","train"
"C:\Users\Misha\Documents\GitHub\MyProject1\DB\images\images\inclusion\img_04_4402622500_00374.jpg","inclusion","7","7_yiwu","inclusion","True","train"
"C:\Users\Misha\Documents\GitHub\MyProject1\DB\images\images\inclusion\img_04_4402622500_00377.jpg","inclusion","7","7_yiwu","inclusion","True","train"
"C:\Users\Misha\Documents\GitHub\MyProject1\DB\images\images\inclusion\img_04_4402622500_00378.jpg","inclusion","7","7_yiwu","inclusion","True","train"
"C:\Users\Misha\Documents\GitHub\MyProject1\DB\images\images\inclusion\img_04_4406742400_00684.jpg","inclusion","7","7_yiwu","inclusion","True","train"
"C:\Users\Misha\Documents\GitHub\MyProject1\DB\images\images\inclusion\img_05_425243500_00895.jpg","inclusion","7","7_yiwu","inclusion","True","train"
"C:\Users\Misha\Documents\GitHub\MyProject1\DB\images\images\inclusion\img_05_425244300_00741.jpg","inclusion","7","7_yiwu","inclusion","True","train"
"C:\Users\Misha\Documents\GitHub\MyProject1\DB\images\images\inclusion\img_05_425502300_00026.jpg","inclusion","7","7_yiwu","inclusion","True","train"
"C:\Users\Misha\Documents\GitHub\MyProject1\DB\images\images\inclusion\img_05_425503200_00065.jpg","inclusion","7","7_yiwu","inclusion","True","train"
"C:\Users\Misha\Documents\GitHub\MyProject1\DB\images\images\inclusion\img_05_425504900_00057.jpg","inclusion","7","7_yiwu","inclusion","True","train"
"C:\Users\Misha\Documents\GitHub\MyProject1\DB\images\images\inclusion\img_05_425505900_01176.jpg","inclusion","7","7_yiwu","inclusion","True","train"
"C:\Users\Misha\Documents\GitHub\MyProject1\DB\images\images\inclusion\img_06_425237000_00658.jpg","inclusion","7","7_yiwu","inclusion","True","train"
"C:\Users\Misha\Documents\GitHub\MyProject1\DB\images\images\inclusion\img_06_425237000_00660.jpg","inclusion","7","7_yiwu","inclusion","True","train"
"C:\Users\Misha\Documents\GitHub\MyProject1\DB\images\images\inclusion\img_06_425237000_00662.jpg","inclusion","7","7_yiwu","inclusion","True","train"
"C:\Users\Misha\Documents\GitHub\MyProject1\DB\images\images\inclusion\img_06_425237000_00672.jpg","inclusion","7","7_yiwu","inclusion","True","train"
"C:\Users\Misha\Documents\GitHub\MyProject1\DB\images\images\inclusion\img_06_425237000_00673.jpg","inclusion","7","7_yiwu","inclusion","True","train"
"C:\Users\Misha\Documents\GitHub\MyProject1\DB\images\images\inclusion\img_06_425237000_00674.jpg","inclusion","7","7_yiwu","inclusion","True","train"
"C:\Users\Misha\Documents\GitHub\MyProject1\DB\images\images\inclusion\img_06_425237000_00773.jpg","inclusion","7","7_yiwu","inclusion","True","train"
"C:\Users\Misha\Documents\GitHub\MyProject1\DB\images\images\inclusion\img_06_425237000_00834.jpg","inclusion","7","7_yiwu","inclusion","True","train"
"C:\Users\Misha\Documents\GitHub\MyProject1\DB\images\images\inclusion\img_06_425391700_00039.jpg","inclusion","7","7_yiwu","inclusion","True","train"
"C:\Users\Misha\Documents\GitHub\MyProject1\DB\images\images\inclusion\img_06_425392500_00834.jpg","inclusion","7","7_yiwu","inclusion","True","train"
"C:\Users\Misha\Documents\GitHub\MyProject1\DB\images\images\inclusion\img_06_425506300_01025.jpg","inclusion","7","7_yiwu","inclusion","True","train"
"C:\Users\Misha\Documents\GitHub\MyProject1\DB\images\images\inclusion\img_06_425506300_01027.jpg","inclusion","7","7_yiwu","inclusion","True","train"
"C:\Users\Misha\Documents\GitHub\MyProject1\DB\images\images\inclusion\img_06_425506300_01028.jpg","inclusion","7","7_yiwu","inclusion","True","train"
"C:\Users\Misha\Documents\GitHub\MyProject1\DB\images\images\inclusion\img_06_425506300_01029.jpg","inclusion","7","7_yiwu","inclusion","True","train"
"C:\Users\Misha\Documents\GitHub\MyProject1\DB\images\images\inclusion\img_06_425507200_00974.jpg","inclusion","7","7_yiwu","inclusion","True","train"
"C:\Users\Misha\Documents\GitHub\MyProject1\DB\images\images\inclusion\img_06_425507200_00976.jpg","inclusion","7","7_yiwu","inclusion","True","train"
"C:\Users\Misha\Documents\GitHub\MyProject1\DB\images\images\inclusion\img_06_425508200_00471.jpg","inclusion","7","7_yiwu","inclusion","True","train"
"C:\Users\Misha\Documents\GitHub\MyProject1\DB\images\images\inclusion\img_06_425508300_00930.jpg","inclusion","7","7_yiwu","inclusion","True","train"
"C:\Users\Misha\Documents\GitHub\MyProject1\DB\images\images\inclusion\img_06_425508600_00938.jpg","inclusion","7","7_yiwu","inclusion","True","train"
"C:\Users\Misha\Documents\GitHub\MyProject1\DB\images\images\inclusion\img_06_4402625300_00104.jpg","inclusion","7","7_yiwu","inclusion","True","train"
"C:\Users\Misha\Documents\GitHub\MyProject1\DB\images\images\inclusion\img_06_4402625300_00109.jpg","inclusion","7","7_yiwu","inclusion","True","train"
"C:\Users\Misha\Documents\GitHub\MyProject1\DB\images\images\inclusion\img_07_424799400_00071.jpg","inclusion","7","7_yiwu","inclusion","True","train"
"C:\Users\Misha\Documents\GitHub\MyProject1\DB\images\images\inclusion\img_07_425005700_01204.jpg","inclusion","7","7_yiwu","inclusion","True","train"
"C:\Users\Misha\Documents\GitHub\MyProject1\DB\images\images\inclusion\img_07_425008500_00312.jpg","inclusion","7","7_yiwu","inclusion","True","train"
"C:\Users\Misha\Documents\GitHub\MyProject1\DB\images\images\inclusion\img_07_425008500_00314.jpg","inclusion","7","7_yiwu","inclusion","True","train"
"C:\Users\Misha\Documents\GitHub\MyProject1\DB\images\images\inclusion\img_07_425504800_00992.jpg","inclusion","7","7_yiwu","inclusion","True","train"
"C:\Users\Misha\Documents\GitHub\MyProject1\DB\images\images\inclusion\img_07_425507000_00965.jpg","inclusion","7","7_yiwu","inclusion","True","train"
"C:\Users\Misha\Documents\GitHub\MyProject1\DB\images\images\inclusion\img_07_425508300_00926.jpg","inclusion","7","7_yiwu","inclusion","True","train"
"C:\Users\Misha\Documents\GitHub\MyProject1\DB\images\images\inclusion\img_07_425508300_00928.jpg","inclusion","7","7_yiwu","inclusion","True","train"
"C:\Users\Misha\Documents\GitHub\MyProject1\DB\images\images\inclusion\img_07_425508300_00929.jpg","inclusion","7","7_yiwu","inclusion","True","train"
"C:\Users\Misha\Documents\GitHub\MyProject1\DB\images\images\inclusion\img_07_425508400_00965.jpg","inclusion","7","7_yiwu","inclusion","True","train"
"C:\Users\Misha\Documents\GitHub\MyProject1\DB\images\images\inclusion\img_07_425508400_00968.jpg","inclusion","7","7_yiwu","inclusion","True","train"
"C:\Users\Misha\Documents\GitHub\MyProject1\DB\images\images\inclusion\img_07_425508400_00969.jpg","inclusion","7","7_yiwu","inclusion","True","train"
"C:\Users\Misha\Documents\GitHub\MyProject1\DB\images\images\inclusion\img_07_425508700_01012.jpg","inclusion","7","7_yiwu","inclusion","True","train"
"C:\Users\Misha\Documents\GitHub\MyProject1\DB\images\images\inclusion\img_07_4402625300_00104.jpg","inclusion","7","7_yiwu","inclusion","True","train"
"C:\Users\Misha\Documents\GitHub\MyProject1\DB\images\images\inclusion\img_07_4402625300_00105.jpg","inclusion","7","7_yiwu","inclusion","True","train"
"C:\Users\Misha\Documents\GitHub\MyProject1\DB\images\images\inclusion\img_07_4402625300_01262.jpg","inclusion","7","7_yiwu","inclusion","True","train"
"C:\Users\Misha\Documents\GitHub\MyProject1\DB\images\images\inclusion\img_07_4406645900_00339.jpg","inclusion","7","7_yiwu","inclusion","True","train"
"C:\Users\Misha\Documents\GitHub\MyProject1\DB\images\images\inclusion\img_08_425506100_00161.jpg","inclusion","7","7_yiwu","inclusion","True","train"
"C:\Users\Misha\Documents\GitHub\MyProject1\DB\images\images\inclusion\img_08_425506100_00260.jpg","inclusion","7","7_yiwu","inclusion","True","train"
"C:\Users\Misha\Documents\GitHub\MyProject1\DB\images\images\inclusion\img_08_425506100_00400.jpg","inclusion","7","7_yiwu","inclusion","True","train"
"C:\Users\Misha\Documents\GitHub\MyProject1\DB\images\images\inclusion\img_08_425506600_00952.jpg","inclusion","7","7_yiwu","inclusion","True","train"
"C:\Users\Misha\Documents\GitHub\MyProject1\DB\images\images\inclusion\img_08_425508100_01294.jpg","inclusion","7","7_yiwu","inclusion","True","train"
"C:\Users\Misha\Documents\GitHub\MyProject1\DB\images\images\inclusion\img_08_425508100_01404.jpg","inclusion","7","7_yiwu","inclusion","True","train"
"C:\Users\Misha\Documents\GitHub\MyProject1\DB\images\images\inclusion\img_08_425508100_01624.jpg","inclusion","7","7_yiwu","inclusion","True","train"
"C:\Users\Misha\Documents\GitHub\MyProject1\DB\images\images\inclusion\img_08_425508200_00024.jpg","inclusion","7","7_yiwu","inclusion","True","train"
"C:\Users\Misha\Documents\GitHub\MyProject1\DB\images\images\inclusion\img_08_425508200_00033.jpg","inclusion","7","7_yiwu","inclusion","True","train"
"C:\Users\Misha\Documents\GitHub\MyProject1\DB\images\images\inclusion\img_08_425508200_00364.jpg","inclusion","7","7_yiwu","inclusion","True","train"
"C:\Users\Misha\Documents\GitHub\MyProject1\DB\images\images\inclusion\img_08_425508300_00656.jpg","inclusion","7","7_yiwu","inclusion","True","train"
"C:\Users\Misha\Documents\GitHub\MyProject1\DB\images\images\inclusion\img_08_425508700_00666.jpg","inclusion","7","7_yiwu","inclusion","True","train"
"C:\Users\Misha\Documents\GitHub\MyProject1\DB\images\images\inclusion\img_08_425608200_00504.jpg","inclusion","7","7_yiwu","inclusion","True","train"
"C:\Users\Misha\Documents\GitHub\MyProject1\DB\images\images\oil_spot\img_02_425646200_00062.jpg","inclusion","7","7_yiwu","oil_spot","False","train"
"C:\Users\Misha\Documents\GitHub\MyProject1\DB\images\images\oil_spot\img_06_425506100_00177.jpg","inclusion","7","7_yiwu","oil_spot","False","train"
"C:\Users\Misha\Documents\GitHub\MyProject1\DB\images\images\oil_spot\img_06_427199900_01065.jpg","inclusion","7","7_yiwu","oil_spot","False","train"
"C:\Users\Misha\Documents\GitHub\MyProject1\DB\images\images\waist folding\img_07_4406645900_00897.jpg","inclusion","7","7_yiwu","waist folding","False","train"
"C:\Users\Misha\Documents\GitHub\MyProject1\DB\images\images\crease\img_03_4405964400_00010.jpg","rolled_pit","8","8_yahen","crease","False","train"
"C:\Users\Misha\Documents\GitHub\MyProject1\DB\images\images\crease\img_03_4405964900_00010.jpg","rolled_pit","8","8_yahen","crease","False","train"
"C:\Users\Misha\Documents\GitHub\MyProject1\DB\images\images\inclusion\img_03_425390700_00020.jpg","rolled_pit","8","8_yahen","inclusion","False","train"
"C:\Users\Misha\Documents\GitHub\MyProject1\DB\images\images\rolled_pit\img_02_3436787300_00007.jpg","rolled_pit","8","8_yahen","rolled_pit","True","train"
"C:\Users\Misha\Documents\GitHub\MyProject1\DB\images\images\rolled_pit\img_02_425392400_00020.jpg","rolled_pit","8","8_yahen","rolled_pit","True","train"
"C:\Users\Misha\Documents\GitHub\MyProject1\DB\images\images\rolled_pit\img_02_427146700_00002.jpg","rolled_pit","8","8_yahen","rolled_pit","True","train"
"C:\Users\Misha\Documents\GitHub\MyProject1\DB\images\images\rolled_pit\img_02_431854300_00002.jpg","rolled_pit","8","8_yahen","rolled_pit","True","train"
"C:\Users\Misha\Documents\GitHub\MyProject1\DB\images\images\rolled_pit\img_02_4402117200_00004.jpg","rolled_pit","8","8_yahen","rolled_pit","True","train"
"C:\Users\Misha\Documents\GitHub\MyProject1\DB\images\images\rolled_pit\img_02_4402329000_00001.jpg","rolled_pit","8","8_yahen","rolled_pit","True","train"
"C:\Users\Misha\Documents\GitHub\MyProject1\DB\images\images\rolled_pit\img_02_4402785600_00004.jpg","rolled_pit","8","8_yahen","rolled_pit","True","train"
"C:\Users\Misha\Documents\GitHub\MyProject1\DB\images\images\rolled_pit\img_03_3437006900_00002.jpg","rolled_pit","8","8_yahen","rolled_pit","True","train"
"C:\Users\Misha\Documents\GitHub\MyProject1\DB\images\images\rolled_pit\img_03_425644600_00003.jpg","rolled_pit","8","8_yahen","rolled_pit","True","train"
"C:\Users\Misha\Documents\GitHub\MyProject1\DB\images\images\rolled_pit\img_03_4402117000_00003.jpg","rolled_pit","8","8_yahen","rolled_pit","True","train"
"C:\Users\Misha\Documents\GitHub\MyProject1\DB\images\images\rolled_pit\img_03_4402117400_00003.jpg","rolled_pit","8","8_yahen","rolled_pit","True","train"
"C:\Users\Misha\Documents\GitHub\MyProject1\DB\images\images\rolled_pit\img_03_4402724500_01238.jpg","rolled_pit","8","8_yahen","rolled_pit","True","train"
"C:\Users\Misha\Documents\GitHub\MyProject1\DB\images\images\rolled_pit\img_03_4402724500_01242.jpg","rolled_pit","8","8_yahen","rolled_pit","True","train"
"C:\Users\Misha\Documents\GitHub\MyProject1\DB\images\images\rolled_pit\img_03_4402724500_01245.jpg","rolled_pit","8","8_yahen","rolled_pit","True","train"
"C:\Users\Misha\Documents\GitHub\MyProject1\DB\images\images\rolled_pit\img_03_4403715000_00003.jpg","rolled_pit","8","8_yahen","rolled_pit","True","train"
"C:\Users\Misha\Documents\GitHub\MyProject1\DB\images\images\rolled_pit\img_04_4403453700_00019.jpg","rolled_pit","8","8_yahen","rolled_pit","True","train"
"C:\Users\Misha\Documents\GitHub\MyProject1\DB\images\images\rolled_pit\img_06_427199900_00007.jpg","rolled_pit","8","8_yahen","rolled_pit","True","train"
"C:\Users\Misha\Documents\GitHub\MyProject1\DB\images\images\rolled_pit\img_06_4404580000_00741.jpg","rolled_pit","8","8_yahen","rolled_pit","True","train"
"C:\Users\Misha\Documents\GitHub\MyProject1\DB\images\images\crease\img_01_425382900_00002.jpg","crease","9","9_zhehen","crease","True","train"
"C:\Users\Misha\Documents\GitHub\MyProject1\DB\images\images\crease\img_01_425501700_00022.jpg","crease","9","9_zhehen","crease","True","train"
"C:\Users\Misha\Documents\GitHub\MyProject1\DB\images\images\crease\img_01_4402116900_00003.jpg","crease","9","9_zhehen","crease","True","train"
"C:\Users\Misha\Documents\GitHub\MyProject1\DB\images\images\crease\img_01_4402117100_00006.jpg","crease","9","9_zhehen","crease","True","train"
"C:\Users\Misha\Documents\GitHub\MyProject1\DB\images\images\crease\img_01_4402117200_00003.jpg","crease","9","9_zhehen","crease","True","train"
"C:\Users\Misha\Documents\GitHub\MyProject1\DB\images\images\crease\img_01_4402270500_00004.jpg","crease","9","9_zhehen","crease","True","train"
"C:\Users\Misha\Documents\GitHub\MyProject1\DB\images\images\crease\img_01_4403690400_00005.jpg","crease","9","9_zhehen","crease","True","train"
"C:\Users\Misha\Documents\GitHub\MyProject1\DB\images\images\crease\img_02_425613700_00758.jpg","crease","9","9_zhehen","crease","True","train"
"C:\Users\Misha\Documents\GitHub\MyProject1\DB\images\images\crease\img_02_4402116700_00002.jpg","crease","9","9_zhehen","crease","True","train"
"C:\Users\Misha\Documents\GitHub\MyProject1\DB\images\images\crease\img_02_4406430100_00002.jpg","crease","9","9_zhehen","crease","True","train"
"C:\Users\Misha\Documents\GitHub\MyProject1\DB\images\images\crease\img_02_4406783500_00004.jpg","crease","9","9_zhehen","crease","True","train"
"C:\Users\Misha\Documents\GitHub\MyProject1\DB\images\images\crease\img_02_4406783500_00008.jpg","crease","9","9_zhehen","crease","True","train"
"C:\Users\Misha\Documents\GitHub\MyProject1\DB\images\images\crease\img_02_4406783500_00009.jpg","crease","9","9_zhehen","crease","True","train"
"C:\Users\Misha\Documents\GitHub\MyProject1\DB\images\images\crease\img_02_4406783500_00010.jpg","crease","9","9_zhehen","crease","True","train"
"C:\Users\Misha\Documents\GitHub\MyProject1\DB\images\images\crease\img_03_4406783500_00009.jpg","crease","9","9_zhehen","crease","True","train"
"C:\Users\Misha\Documents\GitHub\MyProject1\DB\images\images\crease\img_04_4402117000_00004.jpg","crease","9","9_zhehen","crease","True","train"
"C:\Users\Misha\Documents\GitHub\MyProject1\DB\images\images\crease\img_04_4402766700_00007.jpg","crease","9","9_zhehen","crease","True","train"
"C:\Users\Misha\Documents\GitHub\MyProject1\DB\images\images\crease\img_04_4403690400_00005.jpg","crease","9","9_zhehen","crease","True","train"
"C:\Users\Misha\Documents\GitHub\MyProject1\DB\images\images\crease\img_05_4402826400_01261.jpg","crease","9","9_zhehen","crease","True","train"
"C:\Users\Misha\Documents\GitHub\MyProject1\DB\images\images\crease\img_05_4405381400_00774.jpg","crease","9","9_zhehen","crease","True","train"
"C:\Users\Misha\Documents\GitHub\MyProject1\DB\images\images\crease\img_06_3436642500_00002.jpg","crease","9","9_zhehen","crease","True","train"
"C:\Users\Misha\Documents\GitHub\MyProject1\DB\images\images\crease\img_06_427199900_01016.jpg","crease","9","9_zhehen","crease","True","train"
"C:\Users\Misha\Documents\GitHub\MyProject1\DB\images\images\crease\img_06_430103100_01150.jpg","crease","9","9_zhehen","crease","True","train"
"C:\Users\Misha\Documents\GitHub\MyProject1\DB\images\images\crease\img_06_4404616100_00947.jpg","crease","9","9_zhehen","crease","True","train"
"C:\Users\Misha\Documents\GitHub\MyProject1\DB\images\images\crease\img_06_4406783500_00003.jpg","crease","9","9_zhehen","crease","True","train"
"C:\Users\Misha\Documents\GitHub\MyProject1\DB\images\images\crease\img_07_425004200_00982.jpg","crease","9","9_zhehen","crease","True","train"
"C:\Users\Misha\Documents\GitHub\MyProject1\DB\images\images\crease\img_07_4405376700_00809.jpg","crease","9","9_zhehen","crease","True","train"
"C:\Users\Misha\Documents\GitHub\MyProject1\DB\images\images\crease\img_07_4405376700_00815.jpg","crease","9","9_zhehen","crease","True","train"
"C:\Users\Misha\Documents\GitHub\MyProject1\DB\images\images\crease\img_07_4405965200_00151.jpg","crease","9","9_zhehen","crease","True","train"
"C:\Users\Misha\Documents\GitHub\MyProject1\DB\images\images\crease\img_07_4406444100_00004.jpg","crease","9","9_zhehen","crease","True","train"
"C:\Users\Misha\Documents\GitHub\MyProject1\DB\images\images\crease\img_08_427199900_01134.jpg","crease","9","9_zhehen","crease","True","train"
"C:\Users\Misha\Documents\GitHub\MyProject1\DB\images\images\crease\img_08_4405381400_00773.jpg","crease","9","9_zhehen","crease","True","train"
"C:\Users\Misha\Documents\GitHub\MyProject1\DB\images\images\waist folding\img_06_4405133600_00921.jpg","crease","9","9_zhehen","waist folding","False","train"
"C:\Users\Misha\Documents\GitHub\MyProject1\DB\images\images\waist folding\img_07_4405376800_00042.jpg","crease","9","9_zhehen","waist folding","False","train"
"C:\Users\Misha\Documents\GitHub\MyProject1\DB\images\images\waist folding\img_02_3402618000_00007.jpg","waist_folding","10","10_yaozhed","waist folding","True","train"
"C:\Users\Misha\Documents\GitHub\MyProject1\DB\images\images\waist folding\img_03_3402618000_00007.jpg","waist_folding","10","10_yaozhed","waist folding","True","train"
"C:\Users\Misha\Documents\GitHub\MyProject1\DB\images\images\waist folding\img_03_3402618000_00013.jpg","waist_folding","10","10_yaozhed","waist folding","True","train"
"C:\Users\Misha\Documents\GitHub\MyProject1\DB\images\images\waist folding\img_03_4404374300_00045.jpg","waist_folding","10","10_yaozhed","waist folding","True","train"
"C:\Users\Misha\Documents\GitHub\MyProject1\DB\images\images\waist folding\img_03_4404612700_00049.jpg","waist_folding","10","10_yaozhed","waist folding","True","train"
"C:\Users\Misha\Documents\GitHub\MyProject1\DB\images\images\waist folding\img_05_436164700_01553.jpg","waist_folding","10","10_yaozhed","waist folding","True","train"
"C:\Users\Misha\Documents\GitHub\MyProject1\DB\images\images\waist folding\img_05_4402719200_00029.jpg","waist_folding","10","10_yaozhed","waist folding","True","train"
"C:\Users\Misha\Documents\GitHub\MyProject1\DB\images\images\waist folding\img_06_3436639700_00756.jpg","waist_folding","10","10_yaozhed","waist folding","True","train"
"C:\Users\Misha\Documents\GitHub\MyProject1\DB\images\images\waist folding\img_06_3436639700_00760.jpg","waist_folding","10","10_yaozhed","waist folding","True","train"
"C:\Users\Misha\Documents\GitHub\MyProject1\DB\images\images\waist folding\img_06_3436786500_00002.jpg","waist_folding","10","10_yaozhed","waist folding","True","train"
"C:\Users\Misha\Documents\GitHub\MyProject1\DB\images\images\waist folding\img_06_3436814000_00005.jpg","waist_folding","10","10_yaozhed","waist folding","True","train"
"C:\Users\Misha\Documents\GitHub\MyProject1\DB\images\images\waist folding\img_06_3436814000_00006.jpg","waist_folding","10","10_yaozhed","waist folding","True","train"
"C:\Users\Misha\Documents\GitHub\MyProject1\DB\images\images\waist folding\img_06_3436814000_00007.jpg","waist_folding","10","10_yaozhed","waist folding","True","train"
"C:\Users\Misha\Documents\GitHub\MyProject1\DB\images\images\waist folding\img_06_3436814000_00008.jpg","waist_folding","10","10_yaozhed","waist folding","True","train"
"C:\Users\Misha\Documents\GitHub\MyProject1\DB\images\images\waist folding\img_06_3436814000_00011.jpg","waist_folding","10","10_yaozhed","waist folding","True","train"
"C:\Users\Misha\Documents\GitHub\MyProject1\DB\images\images\waist folding\img_06_3436814000_00016.jpg","waist_folding","10","10_yaozhed","waist folding","True","train"
"C:\Users\Misha\Documents\GitHub\MyProject1\DB\images\images\waist folding\img_06_3436814000_00675.jpg","waist_folding","10","10_yaozhed","waist folding","True","train"
"C:\Users\Misha\Documents\GitHub\MyProject1\DB\images\images\waist folding\img_06_3436814000_00679.jpg","waist_folding","10","10_yaozhed","waist folding","True","train"
"C:\Users\Misha\Documents\GitHub\MyProject1\DB\images\images\waist folding\img_06_3436814000_00681.jpg","waist_folding","10","10_yaozhed","waist folding","True","train"
"C:\Users\Misha\Documents\GitHub\MyProject1\DB\images\images\waist folding\img_06_3436814000_00683.jpg","waist_folding","10","10_yaozhed","waist folding","True","train"
"C:\Users\Misha\Documents\GitHub\MyProject1\DB\images\images\waist folding\img_06_3436814000_00686.jpg","waist_folding","10","10_yaozhed","waist folding","True","train"
"C:\Users\Misha\Documents\GitHub\MyProject1\DB\images\images\waist folding\img_06_3436814000_00688.jpg","waist_folding","10","10_yaozhed","waist folding","True","train"
"C:\Users\Misha\Documents\GitHub\MyProject1\DB\images\images\waist folding\img_06_3436814000_00691.jpg","waist_folding","10","10_yaozhed","waist folding","True","train"
"C:\Users\Misha\Documents\GitHub\MyProject1\DB\images\images\waist folding\img_06_3436814000_00693.jpg","waist_folding","10","10_yaozhed","waist folding","True","train"
"C:\Users\Misha\Documents\GitHub\MyProject1\DB\images\images\waist folding\img_06_3437011100_01183.jpg","waist_folding","10","10_yaozhed","waist folding","True","train"
"C:\Users\Misha\Documents\GitHub\MyProject1\DB\images\images\waist folding\img_06_424826800_00488.jpg","waist_folding","10","10_yaozhed","waist folding","True","train"
"C:\Users\Misha\Documents\GitHub\MyProject1\DB\images\images\waist folding\img_06_424826800_00490.jpg","waist_folding","10","10_yaozhed","waist folding","True","train"
"C:\Users\Misha\Documents\GitHub\MyProject1\DB\images\images\waist folding\img_06_424826800_00492.jpg","waist_folding","10","10_yaozhed","waist folding","True","train"
"C:\Users\Misha\Documents\GitHub\MyProject1\DB\images\images\waist folding\img_06_424826800_00494.jpg","waist_folding","10","10_yaozhed","waist folding","True","train"
"C:\Users\Misha\Documents\GitHub\MyProject1\DB\images\images\waist folding\img_06_424826800_00497.jpg","waist_folding","10","10_yaozhed","waist folding","True","train"
"C:\Users\Misha\Documents\GitHub\MyProject1\DB\images\images\waist folding\img_06_424826800_00500.jpg","waist_folding","10","10_yaozhed","waist folding","True","train"
"C:\Users\Misha\Documents\GitHub\MyProject1\DB\images\images\waist folding\img_06_424826800_00501.jpg","waist_folding","10","10_yaozhed","waist folding","True","train"
"C:\Users\Misha\Documents\GitHub\MyProject1\DB\images\images\waist folding\img_06_424826800_00502.jpg","waist_folding","10","10_yaozhed","waist folding","True","train"
"C:\Users\Misha\Documents\GitHub\MyProject1\DB\images\images\waist folding\img_06_424826800_00505.jpg","waist_folding","10","10_yaozhed","waist folding","True","train"
"C:\Users\Misha\Documents\GitHub\MyProject1\DB\images\images\waist folding\img_06_425614600_00410.jpg","waist_folding","10","10_yaozhed","waist folding","True","train"
"C:\Users\Misha\Documents\GitHub\MyProject1\DB\images\images\waist folding\img_06_425614600_00411.jpg","waist_folding","10","10_yaozhed","waist folding","True","train"
"C:\Users\Misha\Documents\GitHub\MyProject1\DB\images\images\waist folding\img_06_425614600_00412.jpg","waist_folding","10","10_yaozhed","waist folding","True","train"
"C:\Users\Misha\Documents\GitHub\MyProject1\DB\images\images\waist folding\img_06_425614600_00413.jpg","waist_folding","10","10_yaozhed","waist folding","True","train"
"C:\Users\Misha\Documents\GitHub\MyProject1\DB\images\images\waist folding\img_06_425614600_00414.jpg","waist_folding","10","10_yaozhed","waist folding","True","train"
"C:\Users\Misha\Documents\GitHub\MyProject1\DB\images\images\waist folding\img_06_425614600_00415.jpg","waist_folding","10","10_yaozhed","waist folding","True","train"
"C:\Users\Misha\Documents\GitHub\MyProject1\DB\images\images\waist folding\img_06_425614600_00419.jpg","waist_folding","10","10_yaozhed","waist folding","True","train"
"C:\Users\Misha\Documents\GitHub\MyProject1\DB\images\images\waist folding\img_06_425614600_00421.jpg","waist_folding","10","10_yaozhed","waist folding","True","train"
"C:\Users\Misha\Documents\GitHub\MyProject1\DB\images\images\waist folding\img_06_425614600_00424.jpg","waist_folding","10","10_yaozhed","waist folding","True","train"
"C:\Users\Misha\Documents\GitHub\MyProject1\DB\images\images\waist folding\img_06_425614600_00426.jpg","waist_folding","10","10_yaozhed","waist folding","True","train"
"C:\Users\Misha\Documents\GitHub\MyProject1\DB\images\images\waist folding\img_06_425614600_00431.jpg","waist_folding","10","10_yaozhed","waist folding","True","train"
"C:\Users\Misha\Documents\GitHub\MyProject1\DB\images\images\waist folding\img_06_425614600_00432.jpg","waist_folding","10","10_yaozhed","waist folding","True","train"
"C:\Users\Misha\Documents\GitHub\MyProject1\DB\images\images\waist folding\img_06_425614600_00435.jpg","waist_folding","10","10_yaozhed","waist folding","True","train"
"C:\Users\Misha\Documents\GitHub\MyProject1\DB\images\images\waist folding\img_06_436164300_00004.jpg","waist_folding","10","10_yaozhed","waist folding","True","train"
"C:\Users\Misha\Documents\GitHub\MyProject1\DB\images\images\waist folding\img_06_436164700_01556.jpg","waist_folding","10","10_yaozhed","waist folding","True","train"
"C:\Users\Misha\Documents\GitHub\MyProject1\DB\images\images\waist folding\img_06_436185800_00723.jpg","waist_folding","10","10_yaozhed","waist folding","True","train"
"C:\Users\Misha\Documents\GitHub\MyProject1\DB\images\images\waist folding\img_06_436185800_00727.jpg","waist_folding","10","10_yaozhed","waist folding","True","train"
"C:\Users\Misha\Documents\GitHub\MyProject1\DB\images\images\waist folding\img_06_436185800_00731.jpg","waist_folding","10","10_yaozhed","waist folding","True","train"
"C:\Users\Misha\Documents\GitHub\MyProject1\DB\images\images\waist folding\img_06_436185800_00735.jpg","waist_folding","10","10_yaozhed","waist folding","True","train"
"C:\Users\Misha\Documents\GitHub\MyProject1\DB\images\images\waist folding\img_06_4402830700_01162.jpg","waist_folding","10","10_yaozhed","waist folding","True","train"
"C:\Users\Misha\Documents\GitHub\MyProject1\DB\images\images\waist folding\img_06_4404374100_01337.jpg","waist_folding","10","10_yaozhed","waist folding","True","train"
"C:\Users\Misha\Documents\GitHub\MyProject1\DB\images\images\waist folding\img_06_4404374100_01350.jpg","waist_folding","10","10_yaozhed","waist folding","True","train"
"C:\Users\Misha\Documents\GitHub\MyProject1\DB\images\images\waist folding\img_06_4405133600_00035.jpg","waist_folding","10","10_yaozhed","waist folding","True","train"
"C:\Users\Misha\Documents\GitHub\MyProject1\DB\images\images\waist folding\img_07_3436786500_00002.jpg","waist_folding","10","10_yaozhed","waist folding","True","train"
"C:\Users\Misha\Documents\GitHub\MyProject1\DB\images\images\waist folding\img_07_3436814000_00006.jpg","waist_folding","10","10_yaozhed","waist folding","True","train"
"C:\Users\Misha\Documents\GitHub\MyProject1\DB\images\images\waist folding\img_07_3436814000_00007.jpg","waist_folding","10","10_yaozhed","waist folding","True","train"
"C:\Users\Misha\Documents\GitHub\MyProject1\DB\images\images\waist folding\img_07_3436814000_00010.jpg","waist_folding","10","10_yaozhed","waist folding","True","train"
"C:\Users\Misha\Documents\GitHub\MyProject1\DB\images\images\waist folding\img_07_3436814000_00016.jpg","waist_folding","10","10_yaozhed","waist folding","True","train"
"C:\Users\Misha\Documents\GitHub\MyProject1\DB\images\images\waist folding\img_07_3436814000_00676.jpg","waist_folding","10","10_yaozhed","waist folding","True","train"
"C:\Users\Misha\Documents\GitHub\MyProject1\DB\images\images\waist folding\img_07_3436814000_00679.jpg","waist_folding","10","10_yaozhed","waist folding","True","train"
"C:\Users\Misha\Documents\GitHub\MyProject1\DB\images\images\waist folding\img_07_3436814000_00680.jpg","waist_folding","10","10_yaozhed","waist folding","True","train"
"C:\Users\Misha\Documents\GitHub\MyProject1\DB\images\images\waist folding\img_07_3436814000_00684.jpg","waist_folding","10","10_yaozhed","waist folding","True","train"
"C:\Users\Misha\Documents\GitHub\MyProject1\DB\images\images\waist folding\img_07_3436814000_00692.jpg","waist_folding","10","10_yaozhed","waist folding","True","train"
"C:\Users\Misha\Documents\GitHub\MyProject1\DB\images\images\waist folding\img_07_3437006500_00761.jpg","waist_folding","10","10_yaozhed","waist folding","True","train"
"C:\Users\Misha\Documents\GitHub\MyProject1\DB\images\images\waist folding\img_07_3437011100_01183.jpg","waist_folding","10","10_yaozhed","waist folding","True","train"
"C:\Users\Misha\Documents\GitHub\MyProject1\DB\images\images\waist folding\img_07_424826800_00488.jpg","waist_folding","10","10_yaozhed","waist folding","True","train"
"C:\Users\Misha\Documents\GitHub\MyProject1\DB\images\images\waist folding\img_07_424826800_00492.jpg","waist_folding","10","10_yaozhed","waist folding","True","train"
"C:\Users\Misha\Documents\GitHub\MyProject1\DB\images\images\waist folding\img_07_424826800_00493.jpg","waist_folding","10","10_yaozhed","waist folding","True","train"
"C:\Users\Misha\Documents\GitHub\MyProject1\DB\images\images\waist folding\img_07_424826800_00494.jpg","waist_folding","10","10_yaozhed","waist folding","True","train"
"C:\Users\Misha\Documents\GitHub\MyProject1\DB\images\images\waist folding\img_07_424826800_00497.jpg","waist_folding","10","10_yaozhed","waist folding","True","train"
"C:\Users\Misha\Documents\GitHub\MyProject1\DB\images\images\waist folding\img_07_424826800_00502.jpg","waist_folding","10","10_yaozhed","waist folding","True","train"
"C:\Users\Misha\Documents\GitHub\MyProject1\DB\images\images\waist folding\img_07_424826800_00507.jpg","waist_folding","10","10_yaozhed","waist folding","True","train"
"C:\Users\Misha\Documents\GitHub\MyProject1\DB\images\images\waist folding\img_07_427199900_00008.jpg","waist_folding","10","10_yaozhed","waist folding","True","train"
"C:\Users\Misha\Documents\GitHub\MyProject1\DB\images\images\waist folding\img_07_436164700_01545.jpg","waist_folding","10","10_yaozhed","waist folding","True","train"
"C:\Users\Misha\Documents\GitHub\MyProject1\DB\images\images\waist folding\img_07_436164700_01552.jpg","waist_folding","10","10_yaozhed","waist folding","True","train"
"C:\Users\Misha\Documents\GitHub\MyProject1\DB\images\images\waist folding\img_07_4402719100_00014.jpg","waist_folding","10","10_yaozhed","waist folding","True","train"
"C:\Users\Misha\Documents\GitHub\MyProject1\DB\images\images\waist folding\img_07_4402719100_00025.jpg","waist_folding","10","10_yaozhed","waist folding","True","train"
"C:\Users\Misha\Documents\GitHub\MyProject1\DB\images\images\waist folding\img_07_4402719200_00026.jpg","waist_folding","10","10_yaozhed","waist folding","True","train"
"C:\Users\Misha\Documents\GitHub\MyProject1\DB\images\images\waist folding\img_07_4404374100_01265.jpg","waist_folding","10","10_yaozhed","waist folding","True","train"
"C:\Users\Misha\Documents\GitHub\MyProject1\DB\images\images\waist folding\img_07_4404374100_01279.jpg","waist_folding","10","10_yaozhed","waist folding","True","train"
"C:\Users\Misha\Documents\GitHub\MyProject1\DB\images\images\waist folding\img_07_4404374100_01321.jpg","waist_folding","10","10_yaozhed","waist folding","True","train"
"C:\Users\Misha\Documents\GitHub\MyProject1\DB\images\images\waist folding\img_07_4404374100_01338.jpg","waist_folding","10","10_yaozhed","waist folding","True","train"
"C:\Users\Misha\Documents\GitHub\MyProject1\DB\images\images\waist folding\img_07_4404374100_01348.jpg","waist_folding","10","10_yaozhed","waist folding","True","train"
"C:\Users\Misha\Documents\GitHub\MyProject1\DB\images\images\waist folding\img_07_4404374100_01349.jpg","waist_folding","10","10_yaozhed","waist folding","True","train"
"C:\Users\Misha\Documents\GitHub\MyProject1\DB\images\images\waist folding\img_07_4405133600_00034.jpg","waist_folding","10","10_yaozhed","waist folding","True","train"
"C:\Users\Misha\Documents\GitHub\MyProject1\DB\images\images\waist folding\img_07_4405133600_00036.jpg","waist_folding","10","10_yaozhed","waist folding","True","train"
"C:\Users\Misha\Documents\GitHub\MyProject1\DB\images\images\waist folding\img_07_4405133600_00039.jpg","waist_folding","10","10_yaozhed","waist folding","True","train"
"C:\Users\Misha\Documents\GitHub\MyProject1\DB\images\images\waist folding\img_07_4405133600_00042.jpg","waist_folding","10","10_yaozhed","waist folding","True","train"
"C:\Users\Misha\Documents\GitHub\MyProject1\DB\images\images\waist folding\img_07_4405376800_00037.jpg","waist_folding","10","10_yaozhed","waist folding","True","train"
"C:\Users\Misha\Documents\GitHub\MyProject1\DB\images\images\waist folding\img_07_4405376800_00039.jpg","waist_folding","10","10_yaozhed","waist folding","True","train"
"C:\Users\Misha\Documents\GitHub\MyProject1\DB\images\images\waist folding\img_07_SIS002353_00788.jpg","waist_folding","10","10_yaozhed","waist folding","True","train"
"C:\Users\Misha\Documents\GitHub\MyProject1\DB\images\images\waist folding\img_08_425501100_00051.jpg","waist_folding","10","10_yaozhed","waist folding","True","train"
"C:\Users\Misha\Documents\GitHub\MyProject1\DB\images\images\waist folding\img_08_436164700_01537.jpg","waist_folding","10","10_yaozhed","waist folding","True","train"

